Timestamp;Trend Flags;Status;Value (kW)
13-Jul-25 1:15:01 PM WEST,{start},{ok},3.5
13-Jul-25 1:30:00 PM WEST,{ },{ok},6.2
13-Jul-25 1:45:01 PM WEST,{ },{ok},6.2
13-Jul-25 2:00:01 PM WEST,{ },{ok},0.9
13-Jul-25 2:15:01 PM WEST,{ },{ok},6.2
13-Jul-25 2:30:01 PM WEST,{ },{ok},3.6
13-Jul-25 2:45:01 PM WEST,{ },{ok},3.6
13-Jul-25 3:00:02 PM WEST,{ },{ok},6.4
13-Jul-25 3:15:01 PM WEST,{ },{ok},3.6
13-Jul-25 3:30:01 PM WEST,{ },{ok},0.9
13-Jul-25 3:45:01 PM WEST,{ },{ok},3.7
13-Jul-25 4:00:01 PM WEST,{ },{ok},3.8
13-Jul-25 4:15:00 PM WEST,{ },{ok},6.7
13-Jul-25 4:30:01 PM WEST,{ },{ok},3.9
13-Jul-25 4:45:01 PM WEST,{ },{ok},3.8
13-Jul-25 5:00:00 PM WEST,{ },{ok},6.6
13-Jul-25 5:15:00 PM WEST,{ },{ok},3.8
13-Jul-25 5:30:02 PM WEST,{ },{ok},3.9
13-Jul-25 5:45:01 PM WEST,{ },{ok},6.5
13-Jul-25 6:00:01 PM WEST,{ },{ok},3.8
13-Jul-25 6:15:01 PM WEST,{ },{ok},3.8
13-Jul-25 6:30:01 PM WEST,{ },{ok},6.6
13-Jul-25 6:45:01 PM WEST,{ },{ok},0.9
13-Jul-25 7:00:01 PM WEST,{ },{ok},6.4
13-Jul-25 7:15:01 PM WEST,{ },{ok},3.6
13-Jul-25 7:30:01 PM WEST,{ },{ok},0.9
13-Jul-25 7:45:01 PM WEST,{ },{ok},6.4
13-Jul-25 8:00:01 PM WEST,{ },{ok},0.9
13-Jul-25 8:15:02 PM WEST,{ },{ok},6.3
13-Jul-25 8:30:01 PM WEST,{ },{ok},0.9
13-Jul-25 8:45:01 PM WEST,{ },{ok},6.1
13-Jul-25 9:00:01 PM WEST,{ },{ok},0.8
13-Jul-25 9:15:01 PM WEST,{ },{ok},3.3
13-Jul-25 9:30:01 PM WEST,{ },{ok},5.8
13-Jul-25 9:45:01 PM WEST,{ },{ok},3.4
13-Jul-25 10:00:01 PM WEST,{ },{ok},3.4
13-Jul-25 10:15:01 PM WEST,{ },{ok},3.4
13-Jul-25 10:30:01 PM WEST,{ },{ok},3.5
13-Jul-25 10:45:02 PM WEST,{ },{ok},3.4
13-Jul-25 11:00:01 PM WEST,{ },{ok},6.0
13-Jul-25 11:15:01 PM WEST,{ },{ok},3.4
13-Jul-25 11:30:01 PM WEST,{ },{ok},3.5
13-Jul-25 11:45:06 PM WEST,{ },{ok},5.9
14-Jul-25 12:00:02 AM WEST,{ },{ok},3.4
14-Jul-25 12:15:01 AM WEST,{ },{ok},3.4
14-Jul-25 12:30:01 AM WEST,{ },{ok},3.4
14-Jul-25 12:45:01 AM WEST,{ },{ok},3.3
14-Jul-25 1:00:01 AM WEST,{ },{ok},0.9
14-Jul-25 1:15:01 AM WEST,{ },{ok},5.7
14-Jul-25 1:30:01 AM WEST,{ },{ok},0.9
14-Jul-25 1:45:01 AM WEST,{ },{ok},2.7
14-Jul-25 2:00:01 AM WEST,{ },{ok},5.2
14-Jul-25 2:15:02 AM WEST,{ },{ok},0.2
14-Jul-25 2:30:01 AM WEST,{ },{ok},2.7
14-Jul-25 2:45:01 AM WEST,{ },{ok},2.7
14-Jul-25 3:00:01 AM WEST,{ },{ok},0.3
14-Jul-25 3:15:01 AM WEST,{ },{ok},2.7
14-Jul-25 3:30:01 AM WEST,{ },{ok},0.3
14-Jul-25 3:45:01 AM WEST,{ },{ok},2.9
14-Jul-25 4:00:01 AM WEST,{ },{ok},0.3
14-Jul-25 4:15:01 AM WEST,{ },{ok},2.9
14-Jul-25 4:30:02 AM WEST,{ },{ok},0.3
14-Jul-25 4:45:01 AM WEST,{ },{ok},2.8
14-Jul-25 5:00:02 AM WEST,{ },{ok},0.3
14-Jul-25 5:15:01 AM WEST,{ },{ok},2.8
14-Jul-25 5:30:01 AM WEST,{ },{ok},0.3
14-Jul-25 5:45:01 AM WEST,{ },{ok},2.8
14-Jul-25 6:00:01 AM WEST,{ },{ok},2.7
14-Jul-25 6:15:01 AM WEST,{ },{ok},0.3
14-Jul-25 6:30:01 AM WEST,{ },{ok},2.7
14-Jul-25 6:45:01 AM WEST,{ },{ok},2.6
14-Jul-25 7:00:01 AM WEST,{ },{ok},0.3
14-Jul-25 7:15:01 AM WEST,{ },{ok},0.3
14-Jul-25 7:30:01 AM WEST,{ },{ok},2.6
14-Jul-25 7:45:01 AM WEST,{ },{ok},2.7
14-Jul-25 8:00:01 AM WEST,{ },{ok},2.7
14-Jul-25 8:15:01 AM WEST,{ },{ok},2.6
14-Jul-25 8:30:01 AM WEST,{ },{ok},0.2
14-Jul-25 8:45:01 AM WEST,{ },{ok},0.2
14-Jul-25 9:00:01 AM WEST,{ },{ok},0.2
14-Jul-25 9:15:01 AM WEST,{ },{ok},2.6
14-Jul-25 9:30:01 AM WEST,{ },{ok},5.1
14-Jul-25 9:45:01 AM WEST,{ },{ok},3.2
14-Jul-25 10:00:01 AM WEST,{ },{ok},3.2
14-Jul-25 10:15:00 AM WEST,{ },{ok},0.8
14-Jul-25 10:30:01 AM WEST,{ },{ok},3.3
14-Jul-25 10:45:00 AM WEST,{ },{ok},3.2
14-Jul-25 11:00:02 AM WEST,{ },{ok},0.8
14-Jul-25 11:15:01 AM WEST,{ },{ok},3.3
14-Jul-25 11:30:01 AM WEST,{ },{ok},3.3
14-Jul-25 11:45:02 AM WEST,{ },{ok},5.5
14-Jul-25 12:00:01 PM WEST,{ },{ok},3.4
14-Jul-25 12:15:01 PM WEST,{ },{ok},3.4
14-Jul-25 12:30:02 PM WEST,{ },{ok},3.4
14-Jul-25 12:45:01 PM WEST,{ },{ok},0.8
14-Jul-25 1:00:02 PM WEST,{ },{ok},3.5
14-Jul-25 1:15:02 PM WEST,{ },{ok},6.4
14-Jul-25 1:30:01 PM WEST,{ },{ok},6.3
14-Jul-25 1:45:01 PM WEST,{ },{ok},6.4
14-Jul-25 2:00:02 PM WEST,{ },{ok},4.9
14-Jul-25 2:15:02 PM WEST,{ },{ok},0.9
14-Jul-25 2:30:01 PM WEST,{ },{ok},0.9
14-Jul-25 2:45:01 PM WEST,{ },{ok},4.1
14-Jul-25 3:00:01 PM WEST,{ },{ok},3.6
14-Jul-25 3:15:01 PM WEST,{ },{ok},3.7
14-Jul-25 3:30:01 PM WEST,{ },{ok},6.7
14-Jul-25 3:45:01 PM WEST,{ },{ok},0.9
14-Jul-25 4:00:01 PM WEST,{ },{ok},3.9
14-Jul-25 4:15:02 PM WEST,{ },{ok},6.6
14-Jul-25 4:30:01 PM WEST,{ },{ok},3.9
14-Jul-25 4:45:01 PM WEST,{ },{ok},3.9
14-Jul-25 5:00:01 PM WEST,{ },{ok},3.9
14-Jul-25 5:15:02 PM WEST,{ },{ok},3.9
14-Jul-25 5:30:01 PM WEST,{ },{ok},6.7
14-Jul-25 5:45:01 PM WEST,{ },{ok},3.9
14-Jul-25 6:00:01 PM WEST,{ },{ok},3.9
14-Jul-25 6:15:01 PM WEST,{ },{ok},6.8
14-Jul-25 6:30:01 PM WEST,{ },{ok},7.0
14-Jul-25 6:45:01 PM WEST,{ },{ok},0.9
14-Jul-25 7:00:01 PM WEST,{ },{ok},3.8
14-Jul-25 7:15:01 PM WEST,{ },{ok},6.5
14-Jul-25 7:30:01 PM WEST,{ },{ok},6.3
14-Jul-25 7:45:02 PM WEST,{ },{ok},3.7
14-Jul-25 8:00:02 PM WEST,{ },{ok},6.4
14-Jul-25 8:15:01 PM WEST,{ },{ok},6.6
14-Jul-25 8:30:01 PM WEST,{ },{ok},3.8
14-Jul-25 8:45:01 PM WEST,{ },{ok},6.5
14-Jul-25 9:00:02 PM WEST,{ },{ok},6.4
14-Jul-25 9:15:01 PM WEST,{ },{ok},6.4
14-Jul-25 9:30:01 PM WEST,{ },{ok},3.6
14-Jul-25 9:45:01 PM WEST,{ },{ok},6.4
14-Jul-25 10:00:01 PM WEST,{ },{ok},3.8
14-Jul-25 10:15:01 PM WEST,{ },{ok},3.7
14-Jul-25 10:30:02 PM WEST,{ },{ok},6.5
14-Jul-25 10:45:01 PM WEST,{ },{ok},3.7
14-Jul-25 11:00:01 PM WEST,{ },{ok},4.4
14-Jul-25 11:15:01 PM WEST,{ },{ok},3.7
14-Jul-25 11:30:01 PM WEST,{ },{ok},3.6
14-Jul-25 11:45:02 PM WEST,{ },{ok},3.7
15-Jul-25 12:00:01 AM WEST,{ },{ok},6.2
15-Jul-25 12:15:01 AM WEST,{ },{ok},2.8
15-Jul-25 12:30:01 AM WEST,{ },{ok},3.7
15-Jul-25 12:45:01 AM WEST,{ },{ok},3.6
15-Jul-25 1:00:01 AM WEST,{ },{ok},0.9
15-Jul-25 1:15:01 AM WEST,{ },{ok},3.5
15-Jul-25 1:30:02 AM WEST,{ },{ok},3.6
15-Jul-25 1:45:02 AM WEST,{ },{ok},3.6
15-Jul-25 2:00:01 AM WEST,{ },{ok},5.7
15-Jul-25 2:15:01 AM WEST,{ },{ok},0.9
15-Jul-25 2:30:02 AM WEST,{ },{ok},3.7
15-Jul-25 2:45:01 AM WEST,{ },{ok},5.4
15-Jul-25 3:00:02 AM WEST,{ },{ok},0.3
15-Jul-25 3:15:01 AM WEST,{ },{ok},2.9
15-Jul-25 3:30:01 AM WEST,{ },{ok},3.1
15-Jul-25 3:45:01 AM WEST,{ },{ok},3.0
15-Jul-25 4:00:01 AM WEST,{ },{ok},5.6
15-Jul-25 4:15:01 AM WEST,{ },{ok},2.9
15-Jul-25 4:30:01 AM WEST,{ },{ok},0.3
15-Jul-25 4:45:01 AM WEST,{ },{ok},5.5
15-Jul-25 5:00:02 AM WEST,{ },{ok},3.0
15-Jul-25 5:15:01 AM WEST,{ },{ok},2.9
15-Jul-25 5:30:01 AM WEST,{ },{ok},3.0
15-Jul-25 5:45:02 AM WEST,{ },{ok},3.0
15-Jul-25 6:00:01 AM WEST,{ },{ok},3.0
15-Jul-25 6:15:02 AM WEST,{ },{ok},0.3
15-Jul-25 6:30:01 AM WEST,{ },{ok},2.9
15-Jul-25 6:45:01 AM WEST,{ },{ok},5.4
15-Jul-25 7:00:01 AM WEST,{ },{ok},2.8
15-Jul-25 7:15:01 AM WEST,{ },{ok},2.8
15-Jul-25 7:30:01 AM WEST,{ },{ok},2.8
15-Jul-25 7:45:01 AM WEST,{ },{ok},5.2
15-Jul-25 8:00:02 AM WEST,{ },{ok},5.3
15-Jul-25 8:15:02 AM WEST,{ },{ok},0.8
15-Jul-25 8:30:01 AM WEST,{ },{ok},0.2
15-Jul-25 8:45:02 AM WEST,{ },{ok},3.3
15-Jul-25 9:00:01 AM WEST,{ },{ok},5.8
15-Jul-25 9:15:00 AM WEST,{ },{ok},0.8
15-Jul-25 9:30:01 AM WEST,{ },{ok},2.7
15-Jul-25 9:45:02 AM WEST,{ },{ok},5.5
15-Jul-25 10:00:00 AM WEST,{ },{ok},3.3
15-Jul-25 10:15:01 AM WEST,{ },{ok},3.5
15-Jul-25 10:30:01 AM WEST,{ },{ok},3.4
15-Jul-25 10:45:00 AM WEST,{ },{ok},3.5
15-Jul-25 11:00:02 AM WEST,{ },{ok},3.5
15-Jul-25 11:15:04 AM WEST,{ },{ok},3.5
15-Jul-25 11:30:01 AM WEST,{ },{ok},3.5
15-Jul-25 11:45:00 AM WEST,{ },{ok},6.2
15-Jul-25 12:00:01 PM WEST,{ },{ok},3.6
15-Jul-25 12:15:01 PM WEST,{ },{ok},3.7
15-Jul-25 12:30:01 PM WEST,{ },{ok},3.7
15-Jul-25 12:45:01 PM WEST,{ },{ok},3.7
15-Jul-25 1:00:07 PM WEST,{ },{ok},3.8
15-Jul-25 1:15:00 PM WEST,{ },{ok},3.7
15-Jul-25 1:30:01 PM WEST,{ },{ok},3.7
15-Jul-25 1:45:02 PM WEST,{ },{ok},3.8
15-Jul-25 2:00:01 PM WEST,{ },{ok},3.7
15-Jul-25 2:15:01 PM WEST,{ },{ok},6.8
15-Jul-25 2:30:01 PM WEST,{ },{ok},3.8
15-Jul-25 2:45:01 PM WEST,{ },{ok},7.1
15-Jul-25 3:00:01 PM WEST,{ },{ok},6.9
15-Jul-25 3:15:01 PM WEST,{ },{ok},6.9
15-Jul-25 3:30:01 PM WEST,{ },{ok},4.0
15-Jul-25 3:45:03 PM WEST,{ },{ok},4.2
15-Jul-25 4:00:01 PM WEST,{ },{ok},7.2
15-Jul-25 4:15:00 PM WEST,{ },{ok},4.1
15-Jul-25 4:30:00 PM WEST,{ },{ok},7.3
15-Jul-25 4:45:02 PM WEST,{ },{ok},4.2
15-Jul-25 5:00:01 PM WEST,{ },{ok},7.2
15-Jul-25 5:15:01 PM WEST,{ },{ok},4.2
15-Jul-25 5:30:01 PM WEST,{ },{ok},7.1
15-Jul-25 5:45:01 PM WEST,{ },{ok},7.2
15-Jul-25 6:00:01 PM WEST,{ },{ok},4.1
15-Jul-25 6:15:01 PM WEST,{ },{ok},7.0
15-Jul-25 6:30:01 PM WEST,{ },{ok},4.0
15-Jul-25 6:45:01 PM WEST,{ },{ok},4.3
15-Jul-25 7:00:01 PM WEST,{ },{ok},6.9
15-Jul-25 7:15:01 PM WEST,{ },{ok},6.9
15-Jul-25 7:30:01 PM WEST,{ },{ok},3.9
15-Jul-25 7:45:01 PM WEST,{ },{ok},3.9
15-Jul-25 8:00:02 PM WEST,{ },{ok},3.8
15-Jul-25 8:15:01 PM WEST,{ },{ok},0.9
15-Jul-25 8:30:02 PM WEST,{ },{ok},0.9
15-Jul-25 8:45:02 PM WEST,{ },{ok},3.8
15-Jul-25 9:00:02 PM WEST,{ },{ok},3.7
15-Jul-25 9:15:01 PM WEST,{ },{ok},6.6
15-Jul-25 9:30:01 PM WEST,{ },{ok},6.5
15-Jul-25 9:45:01 PM WEST,{ },{ok},6.5
15-Jul-25 10:00:01 PM WEST,{ },{ok},3.8
15-Jul-25 10:15:01 PM WEST,{ },{ok},6.5
15-Jul-25 10:30:01 PM WEST,{ },{ok},3.8
15-Jul-25 10:45:01 PM WEST,{ },{ok},3.8
15-Jul-25 11:00:01 PM WEST,{ },{ok},6.4
15-Jul-25 11:15:02 PM WEST,{ },{ok},3.7
15-Jul-25 11:30:02 PM WEST,{ },{ok},3.7
15-Jul-25 11:45:01 PM WEST,{ },{ok},6.4
16-Jul-25 12:00:03 AM WEST,{ },{ok},3.7
16-Jul-25 12:15:01 AM WEST,{ },{ok},3.7
16-Jul-25 12:30:01 AM WEST,{ },{ok},6.5
16-Jul-25 12:45:01 AM WEST,{ },{ok},6.2
16-Jul-25 1:00:01 AM WEST,{ },{ok},3.6
16-Jul-25 1:15:01 AM WEST,{ },{ok},6.2
16-Jul-25 1:30:01 AM WEST,{ },{ok},3.6
16-Jul-25 1:45:01 AM WEST,{ },{ok},3.6
16-Jul-25 2:00:01 AM WEST,{ },{ok},3.0
16-Jul-25 2:15:01 AM WEST,{ },{ok},3.0
16-Jul-25 2:30:01 AM WEST,{ },{ok},3.0
16-Jul-25 2:45:02 AM WEST,{ },{ok},3.0
16-Jul-25 3:00:01 AM WEST,{ },{ok},3.0
16-Jul-25 3:15:01 AM WEST,{ },{ok},6.4
16-Jul-25 3:30:01 AM WEST,{ },{ok},0.9
16-Jul-25 3:45:01 AM WEST,{ },{ok},3.6
16-Jul-25 4:00:01 AM WEST,{ },{ok},3.0
16-Jul-25 4:15:01 AM WEST,{ },{ok},3.1
16-Jul-25 4:30:01 AM WEST,{ },{ok},5.5
16-Jul-25 4:45:01 AM WEST,{ },{ok},3.5
16-Jul-25 5:00:01 AM WEST,{ },{ok},3.0
16-Jul-25 5:15:02 AM WEST,{ },{ok},3.0
16-Jul-25 5:30:01 AM WEST,{ },{ok},3.0
16-Jul-25 5:45:01 AM WEST,{ },{ok},3.0
16-Jul-25 6:00:02 AM WEST,{ },{ok},3.0
16-Jul-25 6:15:01 AM WEST,{ },{ok},3.0
16-Jul-25 6:30:01 AM WEST,{ },{ok},3.0
16-Jul-25 6:45:01 AM WEST,{ },{ok},3.5
16-Jul-25 7:00:02 AM WEST,{ },{ok},2.9
16-Jul-25 7:15:01 AM WEST,{ },{ok},6.0
16-Jul-25 7:30:01 AM WEST,{ },{ok},3.6
16-Jul-25 7:45:01 AM WEST,{ },{ok},3.4
16-Jul-25 8:00:01 AM WEST,{ },{ok},5.8
16-Jul-25 8:15:01 AM WEST,{ },{ok},2.8
16-Jul-25 8:30:01 AM WEST,{ },{ok},3.4
16-Jul-25 8:45:01 AM WEST,{ },{ok},3.3
16-Jul-25 9:00:01 AM WEST,{ },{ok},3.3
16-Jul-25 9:15:03 AM WEST,{ },{ok},3.4
16-Jul-25 9:30:02 AM WEST,{ },{ok},0.8
16-Jul-25 9:45:01 AM WEST,{ },{ok},3.2
16-Jul-25 10:00:01 AM WEST,{ },{ok},6.1
16-Jul-25 10:15:02 AM WEST,{ },{ok},3.6
16-Jul-25 10:30:02 AM WEST,{ },{ok},6.3
16-Jul-25 10:45:01 AM WEST,{ },{ok},3.7
16-Jul-25 11:00:01 AM WEST,{ },{ok},6.4
16-Jul-25 11:15:02 AM WEST,{ },{ok},3.8
16-Jul-25 11:30:01 AM WEST,{ },{ok},3.8
16-Jul-25 11:45:02 AM WEST,{ },{ok},6.6
16-Jul-25 12:00:01 PM WEST,{ },{ok},3.9
16-Jul-25 12:15:01 PM WEST,{ },{ok},3.9
16-Jul-25 12:30:02 PM WEST,{ },{ok},3.9
16-Jul-25 12:45:00 PM WEST,{ },{ok},3.9
16-Jul-25 1:00:01 PM WEST,{ },{ok},6.9
16-Jul-25 1:15:01 PM WEST,{ },{ok},7.1
16-Jul-25 1:30:01 PM WEST,{ },{ok},3.9
16-Jul-25 1:45:01 PM WEST,{ },{ok},4.0
16-Jul-25 2:00:01 PM WEST,{ },{ok},7.0
16-Jul-25 2:30:01 PM WEST,{start},{ok},7.1
16-Jul-25 2:45:01 PM WEST,{ },{ok},7.0
16-Jul-25 3:00:01 PM WEST,{ },{ok},7.1
16-Jul-25 3:15:01 PM WEST,{ },{ok},7.1
16-Jul-25 3:30:02 PM WEST,{ },{ok},7.3
16-Jul-25 3:45:01 PM WEST,{ },{ok},4.0
16-Jul-25 4:00:01 PM WEST,{ },{ok},4.3
16-Jul-25 4:15:02 PM WEST,{ },{ok},7.5
16-Jul-25 4:30:01 PM WEST,{ },{ok},7.7
16-Jul-25 4:45:01 PM WEST,{ },{ok},7.6
16-Jul-25 5:00:01 PM WEST,{ },{ok},4.3
16-Jul-25 5:15:02 PM WEST,{ },{ok},4.4
16-Jul-25 5:30:01 PM WEST,{ },{ok},7.7
16-Jul-25 5:45:01 PM WEST,{ },{ok},7.7
16-Jul-25 6:00:02 PM WEST,{ },{ok},4.3
16-Jul-25 6:15:01 PM WEST,{ },{ok},7.6
16-Jul-25 6:30:01 PM WEST,{ },{ok},7.5
16-Jul-25 6:45:02 PM WEST,{ },{ok},0.8
16-Jul-25 7:00:01 PM WEST,{ },{ok},7.2
16-Jul-25 7:15:01 PM WEST,{ },{ok},7.2
16-Jul-25 7:30:01 PM WEST,{ },{ok},7.1
16-Jul-25 7:45:01 PM WEST,{ },{ok},7.0
16-Jul-25 8:00:01 PM WEST,{ },{ok},4.0
16-Jul-25 8:15:01 PM WEST,{ },{ok},7.0
16-Jul-25 8:30:01 PM WEST,{ },{ok},6.9
16-Jul-25 8:45:01 PM WEST,{ },{ok},6.8
16-Jul-25 9:00:01 PM WEST,{ },{ok},6.7
16-Jul-25 9:15:01 PM WEST,{ },{ok},3.8
16-Jul-25 9:30:01 PM WEST,{ },{ok},6.6
16-Jul-25 9:45:02 PM WEST,{ },{ok},6.5
16-Jul-25 10:00:01 PM WEST,{ },{ok},3.8
16-Jul-25 10:15:01 PM WEST,{ },{ok},6.5
16-Jul-25 10:30:02 PM WEST,{ },{ok},3.8
16-Jul-25 10:45:01 PM WEST,{ },{ok},3.7
16-Jul-25 11:00:01 PM WEST,{ },{ok},3.7
16-Jul-25 11:15:01 PM WEST,{ },{ok},3.6
16-Jul-25 11:30:02 PM WEST,{ },{ok},6.1
16-Jul-25 11:45:01 PM WEST,{ },{ok},3.5
17-Jul-25 12:00:01 AM WEST,{ },{ok},3.6
17-Jul-25 12:15:01 AM WEST,{ },{ok},3.6
17-Jul-25 12:30:02 AM WEST,{ },{ok},3.5
17-Jul-25 12:45:01 AM WEST,{ },{ok},6.0
17-Jul-25 1:00:01 AM WEST,{ },{ok},3.5
17-Jul-25 1:15:01 AM WEST,{ },{ok},6.1
17-Jul-25 1:30:01 AM WEST,{ },{ok},3.6
17-Jul-25 1:45:01 AM WEST,{ },{ok},3.6
17-Jul-25 2:00:01 AM WEST,{ },{ok},3.5
17-Jul-25 2:15:01 AM WEST,{ },{ok},2.9
17-Jul-25 2:30:01 AM WEST,{ },{ok},2.9
17-Jul-25 2:45:01 AM WEST,{ },{ok},0.3
17-Jul-25 3:00:01 AM WEST,{ },{ok},3.6
17-Jul-25 3:15:02 AM WEST,{ },{ok},5.6
17-Jul-25 3:30:01 AM WEST,{ },{ok},0.3
17-Jul-25 3:45:02 AM WEST,{ },{ok},3.0
17-Jul-25 4:00:01 AM WEST,{ },{ok},3.0
17-Jul-25 4:15:01 AM WEST,{ },{ok},0.3
17-Jul-25 4:30:01 AM WEST,{ },{ok},3.1
17-Jul-25 4:45:01 AM WEST,{ },{ok},3.1
17-Jul-25 5:00:01 AM WEST,{ },{ok},3.0
17-Jul-25 5:15:01 AM WEST,{ },{ok},3.0
17-Jul-25 5:30:01 AM WEST,{ },{ok},3.0
17-Jul-25 5:45:01 AM WEST,{ },{ok},3.0
17-Jul-25 6:00:02 AM WEST,{ },{ok},2.9
17-Jul-25 6:15:01 AM WEST,{ },{ok},2.9
17-Jul-25 6:30:02 AM WEST,{ },{ok},4.7
17-Jul-25 6:45:01 AM WEST,{ },{ok},2.8
17-Jul-25 7:00:01 AM WEST,{ },{ok},2.9
17-Jul-25 7:15:01 AM WEST,{ },{ok},5.4
17-Jul-25 7:30:01 AM WEST,{ },{ok},0.3
17-Jul-25 7:45:01 AM WEST,{ },{ok},2.8
17-Jul-25 8:00:01 AM WEST,{ },{ok},5.2
17-Jul-25 8:15:01 AM WEST,{ },{ok},0.9
17-Jul-25 8:30:01 AM WEST,{ },{ok},3.4
17-Jul-25 8:45:01 AM WEST,{ },{ok},3.3
17-Jul-25 9:00:01 AM WEST,{ },{ok},3.3
17-Jul-25 9:15:01 AM WEST,{ },{ok},3.3
17-Jul-25 9:30:02 AM WEST,{ },{ok},0.8
17-Jul-25 9:45:01 AM WEST,{ },{ok},3.2
17-Jul-25 10:00:01 AM WEST,{ },{ok},3.4
17-Jul-25 10:15:01 AM WEST,{ },{ok},5.9
17-Jul-25 10:30:01 AM WEST,{ },{ok},6.0
17-Jul-25 10:45:00 AM WEST,{ },{ok},3.6
17-Jul-25 11:00:01 AM WEST,{ },{ok},3.6
17-Jul-25 11:15:01 AM WEST,{ },{ok},3.6
17-Jul-25 11:30:02 AM WEST,{ },{ok},3.6
17-Jul-25 11:45:01 AM WEST,{ },{ok},6.3
17-Jul-25 12:00:02 PM WEST,{ },{ok},3.7
17-Jul-25 12:15:01 PM WEST,{ },{ok},6.5
17-Jul-25 12:30:01 PM WEST,{ },{ok},3.7
17-Jul-25 12:45:01 PM WEST,{ },{ok},3.5
17-Jul-25 1:00:01 PM WEST,{ },{ok},3.6
17-Jul-25 1:15:01 PM WEST,{ },{ok},6.7
17-Jul-25 1:30:01 PM WEST,{ },{ok},3.9
17-Jul-25 1:45:01 PM WEST,{ },{ok},3.9
17-Jul-25 2:00:01 PM WEST,{ },{ok},6.9
17-Jul-25 2:15:01 PM WEST,{ },{ok},6.8
17-Jul-25 2:30:01 PM WEST,{ },{ok},4.0
17-Jul-25 2:45:01 PM WEST,{ },{ok},4.0
17-Jul-25 3:00:01 PM WEST,{ },{ok},7.0
17-Jul-25 3:15:01 PM WEST,{ },{ok},6.9
17-Jul-25 3:30:01 PM WEST,{ },{ok},4.0
17-Jul-25 3:45:01 PM WEST,{ },{ok},0.9
17-Jul-25 4:00:01 PM WEST,{ },{ok},4.3
17-Jul-25 4:15:01 PM WEST,{ },{ok},7.8
17-Jul-25 4:30:01 PM WEST,{ },{ok},7.5
17-Jul-25 4:45:01 PM WEST,{ },{ok},7.4
17-Jul-25 5:00:01 PM WEST,{ },{ok},7.5
17-Jul-25 5:15:01 PM WEST,{ },{ok},7.5
17-Jul-25 5:30:01 PM WEST,{ },{ok},4.4
17-Jul-25 5:45:02 PM WEST,{ },{ok},4.2
17-Jul-25 6:00:01 PM WEST,{ },{ok},4.3
17-Jul-25 6:15:01 PM WEST,{ },{ok},7.4
17-Jul-25 6:30:01 PM WEST,{ },{ok},7.3
17-Jul-25 6:45:01 PM WEST,{ },{ok},4.0
17-Jul-25 7:00:02 PM WEST,{ },{ok},7.0
17-Jul-25 7:15:01 PM WEST,{ },{ok},7.0
17-Jul-25 7:30:01 PM WEST,{ },{ok},3.9
17-Jul-25 7:45:01 PM WEST,{ },{ok},3.9
17-Jul-25 8:00:01 PM WEST,{ },{ok},6.9
17-Jul-25 8:15:01 PM WEST,{ },{ok},6.8
17-Jul-25 8:30:01 PM WEST,{ },{ok},3.8
17-Jul-25 8:45:01 PM WEST,{ },{ok},6.8
17-Jul-25 9:00:01 PM WEST,{ },{ok},3.8
17-Jul-25 9:15:01 PM WEST,{ },{ok},3.8
17-Jul-25 9:30:01 PM WEST,{ },{ok},6.5
17-Jul-25 9:45:01 PM WEST,{ },{ok},6.6
17-Jul-25 10:00:01 PM WEST,{ },{ok},6.7
17-Jul-25 10:15:01 PM WEST,{ },{ok},3.8
17-Jul-25 10:30:01 PM WEST,{ },{ok},3.8
17-Jul-25 10:45:01 PM WEST,{ },{ok},3.8
17-Jul-25 11:00:01 PM WEST,{ },{ok},3.7
17-Jul-25 11:15:01 PM WEST,{ },{ok},3.7
17-Jul-25 11:30:01 PM WEST,{ },{ok},6.3
17-Jul-25 11:45:01 PM WEST,{ },{ok},3.7
18-Jul-25 12:00:01 AM WEST,{ },{ok},3.7
18-Jul-25 12:15:02 AM WEST,{ },{ok},3.7
18-Jul-25 12:30:01 AM WEST,{ },{ok},6.4
18-Jul-25 12:45:01 AM WEST,{ },{ok},6.2
18-Jul-25 1:00:01 AM WEST,{ },{ok},3.6
18-Jul-25 1:15:01 AM WEST,{ },{ok},6.2
18-Jul-25 1:30:01 AM WEST,{ },{ok},3.6
18-Jul-25 1:45:01 AM WEST,{ },{ok},3.0
18-Jul-25 2:00:02 AM WEST,{ },{ok},3.7
18-Jul-25 2:15:01 AM WEST,{ },{ok},2.9
18-Jul-25 2:30:01 AM WEST,{ },{ok},5.4
18-Jul-25 2:45:01 AM WEST,{ },{ok},5.4
18-Jul-25 3:00:01 AM WEST,{ },{ok},2.8
18-Jul-25 3:15:01 AM WEST,{ },{ok},2.9
18-Jul-25 3:30:01 AM WEST,{ },{ok},3.0
18-Jul-25 3:45:01 AM WEST,{ },{ok},5.4
18-Jul-25 4:00:01 AM WEST,{ },{ok},2.9
18-Jul-25 4:15:01 AM WEST,{ },{ok},2.9
18-Jul-25 4:30:01 AM WEST,{ },{ok},5.3
18-Jul-25 4:45:01 AM WEST,{ },{ok},2.9
18-Jul-25 5:00:01 AM WEST,{ },{ok},5.4
18-Jul-25 5:15:01 AM WEST,{ },{ok},2.9
18-Jul-25 5:30:01 AM WEST,{ },{ok},5.4
18-Jul-25 5:45:01 AM WEST,{ },{ok},2.9
18-Jul-25 6:00:01 AM WEST,{ },{ok},5.4
18-Jul-25 6:15:01 AM WEST,{ },{ok},2.9
18-Jul-25 6:30:01 AM WEST,{ },{ok},5.5
18-Jul-25 6:45:01 AM WEST,{ },{ok},2.8
18-Jul-25 7:00:02 AM WEST,{ },{ok},2.8
18-Jul-25 7:15:01 AM WEST,{ },{ok},5.3
18-Jul-25 7:30:01 AM WEST,{ },{ok},5.1
18-Jul-25 7:45:02 AM WEST,{ },{ok},0.3
18-Jul-25 8:00:01 AM WEST,{ },{ok},2.7
18-Jul-25 8:15:01 AM WEST,{ },{ok},5.0
18-Jul-25 8:30:01 AM WEST,{ },{ok},0.2
18-Jul-25 8:45:01 AM WEST,{ },{ok},3.2
18-Jul-25 9:00:01 AM WEST,{ },{ok},3.5
18-Jul-25 9:15:01 AM WEST,{ },{ok},3.2
18-Jul-25 9:30:01 AM WEST,{ },{ok},5.1
18-Jul-25 9:45:01 AM WEST,{ },{ok},5.7
18-Jul-25 10:00:01 AM WEST,{ },{ok},3.3
18-Jul-25 10:15:01 AM WEST,{ },{ok},3.3
18-Jul-25 10:30:01 AM WEST,{ },{ok},3.3
18-Jul-25 10:45:01 AM WEST,{ },{ok},3.5
18-Jul-25 11:00:01 AM WEST,{ },{ok},3.5
18-Jul-25 11:15:01 AM WEST,{ },{ok},6.0
18-Jul-25 11:30:02 AM WEST,{ },{ok},6.0
18-Jul-25 11:45:02 AM WEST,{ },{ok},3.7
18-Jul-25 12:00:01 PM WEST,{ },{ok},3.7
18-Jul-25 12:15:01 PM WEST,{ },{ok},3.7
18-Jul-25 12:30:01 PM WEST,{ },{ok},3.7
18-Jul-25 12:45:00 PM WEST,{ },{ok},0.8
18-Jul-25 1:00:00 PM WEST,{ },{ok},3.8
18-Jul-25 1:15:01 PM WEST,{ },{ok},6.5
18-Jul-25 1:30:01 PM WEST,{ },{ok},3.8
18-Jul-25 1:45:01 PM WEST,{ },{ok},3.9
18-Jul-25 2:00:01 PM WEST,{ },{ok},3.9
18-Jul-25 2:15:01 PM WEST,{ },{ok},6.8
18-Jul-25 2:30:01 PM WEST,{ },{ok},6.7
18-Jul-25 2:45:01 PM WEST,{ },{ok},3.8
18-Jul-25 3:00:01 PM WEST,{ },{ok},6.7
18-Jul-25 3:15:01 PM WEST,{ },{ok},7.1
18-Jul-25 3:30:01 PM WEST,{ },{ok},3.9
18-Jul-25 3:45:02 PM WEST,{ },{ok},3.9
18-Jul-25 4:00:02 PM WEST,{ },{ok},4.0
18-Jul-25 4:15:01 PM WEST,{ },{ok},6.9
18-Jul-25 4:30:01 PM WEST,{ },{ok},3.9
18-Jul-25 4:45:01 PM WEST,{ },{ok},4.0
18-Jul-25 5:00:01 PM WEST,{ },{ok},7.1
18-Jul-25 5:15:01 PM WEST,{ },{ok},3.9
18-Jul-25 5:30:01 PM WEST,{ },{ok},7.0
18-Jul-25 5:45:01 PM WEST,{ },{ok},3.9
18-Jul-25 6:00:01 PM WEST,{ },{ok},6.9
18-Jul-25 6:15:01 PM WEST,{ },{ok},3.9
18-Jul-25 6:30:02 PM WEST,{ },{ok},6.9
18-Jul-25 6:45:01 PM WEST,{ },{ok},0.8
18-Jul-25 7:00:02 PM WEST,{ },{ok},6.6
18-Jul-25 7:15:01 PM WEST,{ },{ok},6.7
18-Jul-25 7:30:01 PM WEST,{ },{ok},3.8
18-Jul-25 7:45:01 PM WEST,{ },{ok},3.8
18-Jul-25 8:00:01 PM WEST,{ },{ok},6.6
18-Jul-25 8:15:01 PM WEST,{ },{ok},3.8
18-Jul-25 8:30:01 PM WEST,{ },{ok},0.9
18-Jul-25 8:45:01 PM WEST,{ },{ok},6.5
18-Jul-25 9:00:01 PM WEST,{ },{ok},0.9
18-Jul-25 9:15:01 PM WEST,{ },{ok},6.2
18-Jul-25 9:30:01 PM WEST,{ },{ok},0.9
18-Jul-25 9:45:02 PM WEST,{ },{ok},6.2
18-Jul-25 10:00:01 PM WEST,{ },{ok},6.3
18-Jul-25 10:15:01 PM WEST,{ },{ok},6.3
18-Jul-25 10:30:01 PM WEST,{ },{ok},3.7
18-Jul-25 10:45:02 PM WEST,{ },{ok},3.7
18-Jul-25 11:00:01 PM WEST,{ },{ok},3.7
18-Jul-25 11:15:01 PM WEST,{ },{ok},3.6
18-Jul-25 11:30:01 PM WEST,{ },{ok},3.6
18-Jul-25 11:45:01 PM WEST,{ },{ok},6.2
19-Jul-25 12:00:01 AM WEST,{ },{ok},3.6
19-Jul-25 12:15:01 AM WEST,{ },{ok},3.6
19-Jul-25 12:30:01 AM WEST,{ },{ok},3.6
19-Jul-25 12:45:01 AM WEST,{ },{ok},3.5
19-Jul-25 1:00:01 AM WEST,{ },{ok},3.5
19-Jul-25 1:15:01 AM WEST,{ },{ok},5.4
19-Jul-25 1:30:01 AM WEST,{ },{ok},0.3
19-Jul-25 1:45:02 AM WEST,{ },{ok},2.8
19-Jul-25 2:00:01 AM WEST,{ },{ok},5.6
19-Jul-25 2:15:01 AM WEST,{ },{ok},2.9
19-Jul-25 2:30:02 AM WEST,{ },{ok},2.9
19-Jul-25 2:45:01 AM WEST,{ },{ok},0.3
19-Jul-25 3:00:01 AM WEST,{ },{ok},2.8
19-Jul-25 3:15:01 AM WEST,{ },{ok},5.3
19-Jul-25 3:30:01 AM WEST,{ },{ok},0.3
19-Jul-25 3:45:01 AM WEST,{ },{ok},2.9
19-Jul-25 4:00:01 AM WEST,{ },{ok},0.3
19-Jul-25 4:15:01 AM WEST,{ },{ok},5.4
19-Jul-25 4:30:01 AM WEST,{ },{ok},3.0
19-Jul-25 4:45:01 AM WEST,{ },{ok},5.5
19-Jul-25 5:00:01 AM WEST,{ },{ok},2.9
19-Jul-25 5:15:01 AM WEST,{ },{ok},0.3
19-Jul-25 5:30:01 AM WEST,{ },{ok},2.8
19-Jul-25 5:45:01 AM WEST,{ },{ok},0.3
19-Jul-25 6:00:01 AM WEST,{ },{ok},2.9
19-Jul-25 6:15:01 AM WEST,{ },{ok},0.3
19-Jul-25 6:30:01 AM WEST,{ },{ok},5.4
19-Jul-25 6:45:01 AM WEST,{ },{ok},2.7
19-Jul-25 7:00:01 AM WEST,{ },{ok},2.8
19-Jul-25 7:15:01 AM WEST,{ },{ok},5.4
19-Jul-25 7:30:02 AM WEST,{ },{ok},0.3
19-Jul-25 7:45:01 AM WEST,{ },{ok},5.2
19-Jul-25 8:00:01 AM WEST,{ },{ok},2.7
19-Jul-25 8:15:01 AM WEST,{ },{ok},0.2
19-Jul-25 8:30:01 AM WEST,{ },{ok},5.3
19-Jul-25 8:45:01 AM WEST,{ },{ok},0.2
19-Jul-25 9:00:01 AM WEST,{ },{ok},2.7
19-Jul-25 9:15:01 AM WEST,{ },{ok},5.2
19-Jul-25 9:30:01 AM WEST,{ },{ok},0.8
19-Jul-25 9:45:00 AM WEST,{ },{ok},5.4
19-Jul-25 10:00:02 AM WEST,{ },{ok},0.8
19-Jul-25 10:15:00 AM WEST,{ },{ok},0.8
19-Jul-25 10:30:02 AM WEST,{ },{ok},3.2
19-Jul-25 10:45:01 AM WEST,{ },{ok},3.3
19-Jul-25 11:00:01 AM WEST,{ },{ok},3.3
19-Jul-25 11:15:01 AM WEST,{ },{ok},3.3
19-Jul-25 11:30:01 AM WEST,{ },{ok},5.8
19-Jul-25 11:45:01 AM WEST,{ },{ok},3.4
19-Jul-25 12:00:01 PM WEST,{ },{ok},6.3
19-Jul-25 12:15:01 PM WEST,{ },{ok},6.1
19-Jul-25 12:30:01 PM WEST,{ },{ok},3.6
19-Jul-25 12:45:01 PM WEST,{ },{ok},0.8
19-Jul-25 1:00:01 PM WEST,{ },{ok},3.6
19-Jul-25 1:15:02 PM WEST,{ },{ok},6.4
19-Jul-25 1:30:01 PM WEST,{ },{ok},3.6
19-Jul-25 1:45:01 PM WEST,{ },{ok},3.7
19-Jul-25 2:00:01 PM WEST,{ },{ok},3.8
19-Jul-25 2:15:01 PM WEST,{ },{ok},3.8
19-Jul-25 2:30:01 PM WEST,{ },{ok},6.5
19-Jul-25 2:45:02 PM WEST,{ },{ok},3.8
19-Jul-25 3:00:01 PM WEST,{ },{ok},3.8
19-Jul-25 3:15:01 PM WEST,{ },{ok},6.7
19-Jul-25 3:30:01 PM WEST,{ },{ok},6.8
19-Jul-25 3:45:01 PM WEST,{ },{ok},3.9
19-Jul-25 4:00:02 PM WEST,{ },{ok},6.8
19-Jul-25 4:15:02 PM WEST,{ },{ok},4.0
19-Jul-25 4:30:01 PM WEST,{ },{ok},6.9
19-Jul-25 4:45:01 PM WEST,{ },{ok},4.0
19-Jul-25 5:00:01 PM WEST,{ },{ok},4.1
19-Jul-25 5:15:01 PM WEST,{ },{ok},7.1
19-Jul-25 5:30:01 PM WEST,{ },{ok},4.1
19-Jul-25 5:45:01 PM WEST,{ },{ok},4.1
19-Jul-25 6:00:01 PM WEST,{ },{ok},7.1
19-Jul-25 6:15:01 PM WEST,{ },{ok},4.1
19-Jul-25 6:30:02 PM WEST,{ },{ok},4.1
19-Jul-25 6:45:01 PM WEST,{ },{ok},3.9
19-Jul-25 7:00:02 PM WEST,{ },{ok},3.9
19-Jul-25 7:15:01 PM WEST,{ },{ok},6.9
19-Jul-25 7:30:01 PM WEST,{ },{ok},3.9
19-Jul-25 7:45:01 PM WEST,{ },{ok},6.9
19-Jul-25 8:00:01 PM WEST,{ },{ok},6.7
19-Jul-25 8:15:01 PM WEST,{ },{ok},4.0
19-Jul-25 8:30:01 PM WEST,{ },{ok},6.4
19-Jul-25 8:45:01 PM WEST,{ },{ok},3.8
19-Jul-25 9:00:01 PM WEST,{ },{ok},6.3
19-Jul-25 9:15:02 PM WEST,{ },{ok},0.9
19-Jul-25 9:30:01 PM WEST,{ },{ok},6.3
19-Jul-25 9:45:01 PM WEST,{ },{ok},6.2
19-Jul-25 10:00:01 PM WEST,{ },{ok},6.4
19-Jul-25 10:15:01 PM WEST,{ },{ok},6.2
19-Jul-25 10:30:01 PM WEST,{ },{ok},3.6
19-Jul-25 10:45:01 PM WEST,{ },{ok},3.6
19-Jul-25 11:00:01 PM WEST,{ },{ok},3.6
19-Jul-25 11:15:01 PM WEST,{ },{ok},3.6
19-Jul-25 11:30:02 PM WEST,{ },{ok},3.6
19-Jul-25 11:45:01 PM WEST,{ },{ok},3.5
20-Jul-25 12:00:01 AM WEST,{ },{ok},3.6
20-Jul-25 12:15:01 AM WEST,{ },{ok},3.5
20-Jul-25 12:30:01 AM WEST,{ },{ok},3.5
20-Jul-25 12:45:01 AM WEST,{ },{ok},6.2
20-Jul-25 1:00:01 AM WEST,{ },{ok},3.5
20-Jul-25 1:15:01 AM WEST,{ },{ok},6.0
20-Jul-25 1:30:01 AM WEST,{ },{ok},0.9
20-Jul-25 1:45:01 AM WEST,{ },{ok},2.8
20-Jul-25 2:00:01 AM WEST,{ },{ok},5.4
20-Jul-25 2:15:01 AM WEST,{ },{ok},2.8
20-Jul-25 2:30:02 AM WEST,{ },{ok},5.4
20-Jul-25 2:45:02 AM WEST,{ },{ok},0.3
20-Jul-25 3:00:01 AM WEST,{ },{ok},2.9
20-Jul-25 3:15:02 AM WEST,{ },{ok},5.3
20-Jul-25 3:30:01 AM WEST,{ },{ok},0.3
20-Jul-25 3:45:02 AM WEST,{ },{ok},2.9
20-Jul-25 4:00:01 AM WEST,{ },{ok},0.3
20-Jul-25 4:15:01 AM WEST,{ },{ok},2.9
20-Jul-25 4:30:02 AM WEST,{ },{ok},0.3
20-Jul-25 4:45:01 AM WEST,{ },{ok},2.9
20-Jul-25 5:00:01 AM WEST,{ },{ok},0.3
20-Jul-25 5:15:01 AM WEST,{ },{ok},5.4
20-Jul-25 5:30:01 AM WEST,{ },{ok},2.9
20-Jul-25 5:45:01 AM WEST,{ },{ok},5.4
20-Jul-25 6:00:01 AM WEST,{ },{ok},2.9
20-Jul-25 6:15:01 AM WEST,{ },{ok},3.0
20-Jul-25 6:30:01 AM WEST,{ },{ok},2.9
20-Jul-25 6:45:01 AM WEST,{ },{ok},2.7
20-Jul-25 7:00:01 AM WEST,{ },{ok},0.3
20-Jul-25 7:15:01 AM WEST,{ },{ok},2.8
20-Jul-25 7:30:01 AM WEST,{ },{ok},0.3
20-Jul-25 7:45:01 AM WEST,{ },{ok},5.3
20-Jul-25 8:00:01 AM WEST,{ },{ok},5.3
20-Jul-25 8:15:01 AM WEST,{ },{ok},0.3
20-Jul-25 8:30:01 AM WEST,{ },{ok},2.7
20-Jul-25 8:45:01 AM WEST,{ },{ok},2.7
20-Jul-25 9:00:01 AM WEST,{ },{ok},0.4
20-Jul-25 9:15:01 AM WEST,{ },{ok},2.7
20-Jul-25 9:30:01 AM WEST,{ },{ok},0.2
20-Jul-25 9:45:01 AM WEST,{ },{ok},3.2
20-Jul-25 10:00:01 AM WEST,{ },{ok},3.4
20-Jul-25 10:15:01 AM WEST,{ },{ok},2.8
20-Jul-25 10:30:01 AM WEST,{ },{ok},0.9
20-Jul-25 10:45:01 AM WEST,{ },{ok},0.9
20-Jul-25 11:00:01 AM WEST,{ },{ok},0.9
20-Jul-25 11:15:01 AM WEST,{ },{ok},3.4
20-Jul-25 11:30:01 AM WEST,{ },{ok},3.4
20-Jul-25 11:45:01 AM WEST,{ },{ok},3.5
20-Jul-25 12:00:01 PM WEST,{ },{ok},3.4
20-Jul-25 12:15:01 PM WEST,{ },{ok},3.5
20-Jul-25 12:30:01 PM WEST,{ },{ok},0.8
20-Jul-25 12:45:01 PM WEST,{ },{ok},0.9
20-Jul-25 1:00:01 PM WEST,{ },{ok},3.4
20-Jul-25 1:15:01 PM WEST,{ },{ok},3.6
20-Jul-25 1:30:02 PM WEST,{ },{ok},3.5
20-Jul-25 1:45:01 PM WEST,{ },{ok},3.5
20-Jul-25 2:00:01 PM WEST,{ },{ok},3.4
20-Jul-25 2:15:01 PM WEST,{ },{ok},3.6
20-Jul-25 2:30:01 PM WEST,{ },{ok},0.9
20-Jul-25 2:45:02 PM WEST,{ },{ok},3.6
20-Jul-25 3:00:01 PM WEST,{ },{ok},3.6
20-Jul-25 3:15:01 PM WEST,{ },{ok},0.9
20-Jul-25 3:30:01 PM WEST,{ },{ok},4.1
20-Jul-25 3:45:01 PM WEST,{ },{ok},3.8
20-Jul-25 4:00:01 PM WEST,{ },{ok},6.6
20-Jul-25 4:15:01 PM WEST,{ },{ok},3.8
20-Jul-25 4:30:01 PM WEST,{ },{ok},6.8
20-Jul-25 4:45:01 PM WEST,{ },{ok},3.9
20-Jul-25 5:00:01 PM WEST,{ },{ok},6.8
20-Jul-25 5:15:01 PM WEST,{ },{ok},3.9
20-Jul-25 5:30:01 PM WEST,{ },{ok},3.8
20-Jul-25 5:45:01 PM WEST,{ },{ok},3.9
20-Jul-25 6:00:01 PM WEST,{ },{ok},3.8
20-Jul-25 6:15:01 PM WEST,{ },{ok},6.7
20-Jul-25 6:30:01 PM WEST,{ },{ok},3.9
20-Jul-25 6:45:01 PM WEST,{ },{ok},3.8
20-Jul-25 7:00:01 PM WEST,{ },{ok},6.5
20-Jul-25 7:15:01 PM WEST,{ },{ok},6.6
20-Jul-25 7:30:01 PM WEST,{ },{ok},6.5
20-Jul-25 7:45:01 PM WEST,{ },{ok},6.5
20-Jul-25 8:00:02 PM WEST,{ },{ok},3.6
20-Jul-25 8:15:01 PM WEST,{ },{ok},6.2
20-Jul-25 8:30:02 PM WEST,{ },{ok},6.3
20-Jul-25 8:45:01 PM WEST,{ },{ok},6.1
20-Jul-25 9:00:01 PM WEST,{ },{ok},3.6
20-Jul-25 9:15:01 PM WEST,{ },{ok},3.4
20-Jul-25 9:30:03 PM WEST,{ },{ok},6.0
20-Jul-25 9:45:01 PM WEST,{ },{ok},3.3
20-Jul-25 10:00:01 PM WEST,{ },{ok},3.5
20-Jul-25 10:15:01 PM WEST,{ },{ok},3.4
20-Jul-25 10:30:02 PM WEST,{ },{ok},3.4
20-Jul-25 10:45:03 PM WEST,{ },{ok},3.4
20-Jul-25 11:00:01 PM WEST,{ },{ok},5.9
20-Jul-25 11:15:02 PM WEST,{ },{ok},3.4
20-Jul-25 11:30:01 PM WEST,{ },{ok},5.8
20-Jul-25 11:45:01 PM WEST,{ },{ok},0.8
21-Jul-25 12:00:01 AM WEST,{ },{ok},3.4
21-Jul-25 12:15:01 AM WEST,{ },{ok},3.4
21-Jul-25 12:30:01 AM WEST,{ },{ok},3.3
21-Jul-25 12:45:01 AM WEST,{ },{ok},5.6
21-Jul-25 1:00:01 AM WEST,{ },{ok},3.2
21-Jul-25 1:15:02 AM WEST,{ },{ok},5.1
21-Jul-25 1:30:01 AM WEST,{ },{ok},0.2
21-Jul-25 1:45:01 AM WEST,{ },{ok},2.7
21-Jul-25 2:00:01 AM WEST,{ },{ok},5.4
21-Jul-25 2:15:03 AM WEST,{ },{ok},2.7
21-Jul-25 2:30:01 AM WEST,{ },{ok},5.2
21-Jul-25 2:45:01 AM WEST,{ },{ok},0.3
21-Jul-25 3:00:01 AM WEST,{ },{ok},2.8
21-Jul-25 3:15:01 AM WEST,{ },{ok},5.4
21-Jul-25 3:30:01 AM WEST,{ },{ok},2.8
21-Jul-25 3:45:01 AM WEST,{ },{ok},2.8
21-Jul-25 4:00:01 AM WEST,{ },{ok},0.3
21-Jul-25 4:15:01 AM WEST,{ },{ok},2.8
21-Jul-25 4:30:01 AM WEST,{ },{ok},2.9
21-Jul-25 4:45:01 AM WEST,{ },{ok},0.3
21-Jul-25 5:00:02 AM WEST,{ },{ok},2.8
21-Jul-25 5:15:01 AM WEST,{ },{ok},0.3
21-Jul-25 5:30:01 AM WEST,{ },{ok},2.8
21-Jul-25 5:45:01 AM WEST,{ },{ok},0.3
21-Jul-25 6:00:01 AM WEST,{ },{ok},5.3
21-Jul-25 6:15:01 AM WEST,{ },{ok},2.9
21-Jul-25 6:30:01 AM WEST,{ },{ok},5.4
21-Jul-25 6:45:01 AM WEST,{ },{ok},2.8
21-Jul-25 7:00:01 AM WEST,{ },{ok},2.8
21-Jul-25 7:15:01 AM WEST,{ },{ok},5.3
21-Jul-25 7:30:01 AM WEST,{ },{ok},2.7
21-Jul-25 7:45:02 AM WEST,{ },{ok},0.3
21-Jul-25 8:00:01 AM WEST,{ },{ok},2.8
21-Jul-25 8:15:01 AM WEST,{ },{ok},2.8
21-Jul-25 8:30:02 AM WEST,{ },{ok},0.2
21-Jul-25 8:45:01 AM WEST,{ },{ok},0.2
21-Jul-25 9:00:01 AM WEST,{ },{ok},5.1
21-Jul-25 9:15:02 AM WEST,{ },{ok},3.0
21-Jul-25 9:30:02 AM WEST,{ },{ok},3.3
21-Jul-25 9:45:00 AM WEST,{ },{ok},5.0
21-Jul-25 10:00:01 AM WEST,{ },{ok},3.3
21-Jul-25 10:15:01 AM WEST,{ },{ok},3.3
21-Jul-25 10:30:01 AM WEST,{ },{ok},3.3
21-Jul-25 10:45:01 AM WEST,{ },{ok},3.3
21-Jul-25 11:00:00 AM WEST,{ },{ok},3.3
21-Jul-25 11:15:01 AM WEST,{ },{ok},3.3
21-Jul-25 11:30:02 AM WEST,{ },{ok},5.7
21-Jul-25 11:45:02 AM WEST,{ },{ok},3.5
21-Jul-25 12:00:01 PM WEST,{ },{ok},6.0
21-Jul-25 12:15:02 PM WEST,{ },{ok},3.5
21-Jul-25 12:30:01 PM WEST,{ },{ok},3.6
21-Jul-25 12:45:01 PM WEST,{ },{ok},0.7
21-Jul-25 1:00:01 PM WEST,{ },{ok},3.5
21-Jul-25 1:15:01 PM WEST,{ },{ok},6.0
21-Jul-25 1:30:01 PM WEST,{ },{ok},6.3
21-Jul-25 1:45:02 PM WEST,{ },{ok},3.7
21-Jul-25 2:00:01 PM WEST,{ },{ok},6.4
21-Jul-25 2:15:01 PM WEST,{ },{ok},6.5
21-Jul-25 2:30:01 PM WEST,{ },{ok},6.1
21-Jul-25 2:45:01 PM WEST,{ },{ok},6.2
21-Jul-25 3:00:01 PM WEST,{ },{ok},6.3
21-Jul-25 3:15:01 PM WEST,{ },{ok},3.8
21-Jul-25 3:30:01 PM WEST,{ },{ok},6.5
21-Jul-25 3:45:01 PM WEST,{ },{ok},3.7
21-Jul-25 4:00:02 PM WEST,{ },{ok},3.8
21-Jul-25 4:15:01 PM WEST,{ },{ok},6.7
21-Jul-25 4:30:01 PM WEST,{ },{ok},3.8
21-Jul-25 4:45:00 PM WEST,{ },{ok},6.8
21-Jul-25 5:00:02 PM WEST,{ },{ok},3.9
21-Jul-25 5:15:01 PM WEST,{ },{ok},6.8
21-Jul-25 5:30:00 PM WEST,{ },{ok},3.9
21-Jul-25 5:45:01 PM WEST,{ },{ok},6.8
21-Jul-25 6:00:02 PM WEST,{ },{ok},3.9
21-Jul-25 6:15:01 PM WEST,{ },{ok},6.7
21-Jul-25 6:30:01 PM WEST,{ },{ok},3.9
21-Jul-25 6:45:01 PM WEST,{ },{ok},3.7
21-Jul-25 7:00:01 PM WEST,{ },{ok},6.6
21-Jul-25 7:15:01 PM WEST,{ },{ok},3.8
21-Jul-25 7:30:01 PM WEST,{ },{ok},6.6
21-Jul-25 7:45:01 PM WEST,{ },{ok},6.5
21-Jul-25 8:00:01 PM WEST,{ },{ok},3.8
21-Jul-25 8:15:01 PM WEST,{ },{ok},3.7
21-Jul-25 8:30:01 PM WEST,{ },{ok},6.4
21-Jul-25 8:45:01 PM WEST,{ },{ok},0.9
21-Jul-25 9:00:01 PM WEST,{ },{ok},6.1
21-Jul-25 9:15:04 PM WEST,{ },{ok},6.5
21-Jul-25 9:30:02 PM WEST,{ },{ok},3.5
21-Jul-25 9:45:02 PM WEST,{ },{ok},6.2
21-Jul-25 10:00:01 PM WEST,{ },{ok},3.6
21-Jul-25 10:15:01 PM WEST,{ },{ok},3.6
21-Jul-25 10:30:01 PM WEST,{ },{ok},3.6
21-Jul-25 10:45:01 PM WEST,{ },{ok},6.2
21-Jul-25 11:00:01 PM WEST,{ },{ok},3.6
21-Jul-25 11:15:02 PM WEST,{ },{ok},3.6
21-Jul-25 11:30:02 PM WEST,{ },{ok},3.6
21-Jul-25 11:45:01 PM WEST,{ },{ok},6.1
22-Jul-25 12:00:01 AM WEST,{ },{ok},0.9
22-Jul-25 12:15:01 AM WEST,{ },{ok},3.5
22-Jul-25 12:30:01 AM WEST,{ },{ok},0.9
22-Jul-25 12:45:01 AM WEST,{ },{ok},6.0
22-Jul-25 1:00:01 AM WEST,{ },{ok},0.3
22-Jul-25 1:15:01 AM WEST,{ },{ok},5.4
22-Jul-25 1:30:01 AM WEST,{ },{ok},0.3
22-Jul-25 1:45:01 AM WEST,{ },{ok},2.9
22-Jul-25 2:00:01 AM WEST,{ },{ok},5.6
22-Jul-25 2:15:01 AM WEST,{ },{ok},0.3
22-Jul-25 2:30:02 AM WEST,{ },{ok},2.8
22-Jul-25 2:45:01 AM WEST,{ },{ok},0.3
22-Jul-25 3:00:01 AM WEST,{ },{ok},2.8
22-Jul-25 3:15:01 AM WEST,{ },{ok},5.4
22-Jul-25 3:30:02 AM WEST,{ },{ok},0.3
22-Jul-25 3:45:01 AM WEST,{ },{ok},2.8
22-Jul-25 4:00:01 AM WEST,{ },{ok},0.3
22-Jul-25 4:15:01 AM WEST,{ },{ok},2.9
22-Jul-25 4:30:01 AM WEST,{ },{ok},0.3
22-Jul-25 4:45:02 AM WEST,{ },{ok},2.8
22-Jul-25 5:00:03 AM WEST,{ },{ok},0.3
22-Jul-25 5:15:01 AM WEST,{ },{ok},2.8
22-Jul-25 5:30:01 AM WEST,{ },{ok},0.3
22-Jul-25 5:45:01 AM WEST,{ },{ok},2.8
22-Jul-25 6:00:01 AM WEST,{ },{ok},2.3
22-Jul-25 6:15:01 AM WEST,{ },{ok},2.8
22-Jul-25 6:30:01 AM WEST,{ },{ok},2.8
22-Jul-25 6:45:01 AM WEST,{ },{ok},2.6
22-Jul-25 7:00:02 AM WEST,{ },{ok},0.3
22-Jul-25 7:15:02 AM WEST,{ },{ok},0.3
22-Jul-25 7:30:01 AM WEST,{ },{ok},0.3
22-Jul-25 7:45:02 AM WEST,{ },{ok},0.3
22-Jul-25 8:00:01 AM WEST,{ },{ok},0.3
22-Jul-25 8:15:01 AM WEST,{ },{ok},2.7
22-Jul-25 8:30:01 AM WEST,{ },{ok},2.7
22-Jul-25 8:45:01 AM WEST,{ },{ok},2.9
22-Jul-25 9:00:02 AM WEST,{ },{ok},0.2
22-Jul-25 9:15:00 AM WEST,{ },{ok},0.3
22-Jul-25 9:30:01 AM WEST,{ },{ok},3.3
22-Jul-25 9:45:01 AM WEST,{ },{ok},5.5
22-Jul-25 10:00:01 AM WEST,{ },{ok},3.3
22-Jul-25 10:15:01 AM WEST,{ },{ok},2.7
22-Jul-25 10:30:01 AM WEST,{ },{ok},5.9
22-Jul-25 10:45:01 AM WEST,{ },{ok},3.4
22-Jul-25 11:00:01 AM WEST,{ },{ok},3.4
22-Jul-25 11:15:01 AM WEST,{ },{ok},3.4
22-Jul-25 11:30:17 AM WEST,{ },{ok},3.4
22-Jul-25 11:45:01 AM WEST,{ },{ok},3.4
22-Jul-25 12:00:01 PM WEST,{ },{ok},3.3
22-Jul-25 12:15:02 PM WEST,{ },{ok},3.3
22-Jul-25 12:30:01 PM WEST,{ },{ok},3.4
22-Jul-25 12:45:01 PM WEST,{ },{ok},0.7
22-Jul-25 1:00:01 PM WEST,{ },{ok},5.8
22-Jul-25 1:15:02 PM WEST,{ },{ok},6.1
22-Jul-25 1:30:01 PM WEST,{ },{ok},7.2
22-Jul-25 1:45:01 PM WEST,{ },{ok},4.2
22-Jul-25 2:00:02 PM WEST,{ },{ok},5.9
22-Jul-25 2:15:01 PM WEST,{ },{ok},3.6
22-Jul-25 2:30:01 PM WEST,{ },{ok},3.5
22-Jul-25 2:45:01 PM WEST,{ },{ok},3.6
22-Jul-25 3:00:02 PM WEST,{ },{ok},6.4
22-Jul-25 3:15:01 PM WEST,{ },{ok},3.7
22-Jul-25 3:30:01 PM WEST,{ },{ok},3.7
22-Jul-25 3:45:00 PM WEST,{ },{ok},6.4
22-Jul-25 4:00:02 PM WEST,{ },{ok},3.6
22-Jul-25 4:15:00 PM WEST,{ },{ok},6.4
22-Jul-25 4:30:01 PM WEST,{ },{ok},3.6
22-Jul-25 4:45:01 PM WEST,{ },{ok},6.6
22-Jul-25 5:00:01 PM WEST,{ },{ok},6.5
22-Jul-25 5:15:01 PM WEST,{ },{ok},6.4
22-Jul-25 5:30:01 PM WEST,{ },{ok},6.4
22-Jul-25 5:45:01 PM WEST,{ },{ok},0.9
22-Jul-25 6:00:01 PM WEST,{ },{ok},6.5
22-Jul-25 6:15:01 PM WEST,{ },{ok},6.5
22-Jul-25 6:30:01 PM WEST,{ },{ok},3.7
22-Jul-25 6:45:01 PM WEST,{ },{ok},0.9
22-Jul-25 7:00:01 PM WEST,{ },{ok},6.4
22-Jul-25 7:15:01 PM WEST,{ },{ok},3.6
22-Jul-25 7:30:01 PM WEST,{ },{ok},3.5
22-Jul-25 7:45:01 PM WEST,{ },{ok},3.5
22-Jul-25 8:00:01 PM WEST,{ },{ok},3.7
22-Jul-25 8:15:01 PM WEST,{ },{ok},6.4
22-Jul-25 8:30:01 PM WEST,{ },{ok},3.6
22-Jul-25 8:45:01 PM WEST,{ },{ok},6.1
22-Jul-25 9:00:01 PM WEST,{ },{ok},6.0
22-Jul-25 9:15:01 PM WEST,{ },{ok},3.4
22-Jul-25 9:30:01 PM WEST,{ },{ok},5.9
22-Jul-25 9:45:01 PM WEST,{ },{ok},3.4
22-Jul-25 10:00:01 PM WEST,{ },{ok},6.0
22-Jul-25 10:15:01 PM WEST,{ },{ok},3.4
22-Jul-25 10:30:01 PM WEST,{ },{ok},3.3
22-Jul-25 10:45:01 PM WEST,{ },{ok},3.3
22-Jul-25 11:00:01 PM WEST,{ },{ok},0.8
22-Jul-25 11:15:01 PM WEST,{ },{ok},3.2
22-Jul-25 11:30:02 PM WEST,{ },{ok},6.0
22-Jul-25 11:45:01 PM WEST,{ },{ok},3.2
23-Jul-25 12:00:01 AM WEST,{ },{ok},5.7
23-Jul-25 12:15:01 AM WEST,{ },{ok},0.8
23-Jul-25 12:30:01 AM WEST,{ },{ok},3.2
23-Jul-25 12:45:01 AM WEST,{ },{ok},5.7
23-Jul-25 1:00:01 AM WEST,{ },{ok},0.8
23-Jul-25 1:15:02 AM WEST,{ },{ok},0.2
23-Jul-25 1:30:01 AM WEST,{ },{ok},2.7
23-Jul-25 1:45:01 AM WEST,{ },{ok},0.3
23-Jul-25 2:00:01 AM WEST,{ },{ok},2.8
23-Jul-25 2:15:01 AM WEST,{ },{ok},0.3
23-Jul-25 2:30:01 AM WEST,{ },{ok},2.7
23-Jul-25 2:45:01 AM WEST,{ },{ok},0.2
23-Jul-25 3:00:01 AM WEST,{ },{ok},2.7
23-Jul-25 3:15:01 AM WEST,{ },{ok},0.3
23-Jul-25 3:30:01 AM WEST,{ },{ok},2.7
23-Jul-25 3:45:01 AM WEST,{ },{ok},2.8
23-Jul-25 4:00:01 AM WEST,{ },{ok},5.2
23-Jul-25 4:15:01 AM WEST,{ },{ok},2.8
23-Jul-25 4:30:01 AM WEST,{ },{ok},2.7
23-Jul-25 4:45:01 AM WEST,{ },{ok},0.3
23-Jul-25 5:00:01 AM WEST,{ },{ok},2.9
23-Jul-25 5:15:01 AM WEST,{ },{ok},2.9
23-Jul-25 5:30:01 AM WEST,{ },{ok},0.3
23-Jul-25 5:45:01 AM WEST,{ },{ok},0.3
23-Jul-25 6:00:01 AM WEST,{ },{ok},0.3
23-Jul-25 6:15:01 AM WEST,{ },{ok},0.3
23-Jul-25 6:30:01 AM WEST,{ },{ok},0.3
23-Jul-25 6:45:02 AM WEST,{ },{ok},5.2
23-Jul-25 7:00:01 AM WEST,{ },{ok},5.3
23-Jul-25 7:15:01 AM WEST,{ },{ok},5.3
23-Jul-25 7:30:02 AM WEST,{ },{ok},2.7
23-Jul-25 7:45:01 AM WEST,{ },{ok},0.3
23-Jul-25 8:00:01 AM WEST,{ },{ok},5.2
23-Jul-25 8:15:01 AM WEST,{ },{ok},0.3
23-Jul-25 8:30:02 AM WEST,{ },{ok},5.1
23-Jul-25 8:45:01 AM WEST,{ },{ok},2.7
23-Jul-25 9:00:01 AM WEST,{ },{ok},0.2
23-Jul-25 9:15:02 AM WEST,{ },{ok},2.7
23-Jul-25 9:30:01 AM WEST,{ },{ok},2.7
23-Jul-25 9:45:01 AM WEST,{ },{ok},3.2
23-Jul-25 10:00:00 AM WEST,{ },{ok},3.3
23-Jul-25 10:15:01 AM WEST,{ },{ok},2.7
23-Jul-25 10:30:01 AM WEST,{ },{ok},3.3
23-Jul-25 10:45:02 AM WEST,{ },{ok},3.3
23-Jul-25 11:00:01 AM WEST,{ },{ok},5.7
23-Jul-25 11:15:02 AM WEST,{ },{ok},5.6
23-Jul-25 11:30:01 AM WEST,{ },{ok},5.8
23-Jul-25 11:45:01 AM WEST,{ },{ok},5.9
23-Jul-25 12:00:01 PM WEST,{ },{ok},5.9
23-Jul-25 12:15:01 PM WEST,{ },{ok},6.0
23-Jul-25 12:30:01 PM WEST,{ },{ok},6.0
23-Jul-25 12:45:02 PM WEST,{ },{ok},6.0
23-Jul-25 1:00:02 PM WEST,{ },{ok},6.2
23-Jul-25 1:15:01 PM WEST,{ },{ok},6.2
23-Jul-25 1:30:01 PM WEST,{ },{ok},6.5
23-Jul-25 1:45:01 PM WEST,{ },{ok},3.6
23-Jul-25 2:00:01 PM WEST,{ },{ok},3.7
23-Jul-25 2:15:01 PM WEST,{ },{ok},3.7
23-Jul-25 2:30:01 PM WEST,{ },{ok},6.7
23-Jul-25 2:45:01 PM WEST,{ },{ok},3.8
23-Jul-25 3:00:01 PM WEST,{ },{ok},3.7
23-Jul-25 3:15:01 PM WEST,{ },{ok},6.5
23-Jul-25 3:30:01 PM WEST,{ },{ok},3.7
23-Jul-25 3:45:01 PM WEST,{ },{ok},6.8
23-Jul-25 4:00:01 PM WEST,{ },{ok},3.8
23-Jul-25 4:15:01 PM WEST,{ },{ok},6.9
23-Jul-25 4:45:00 PM WEST,{start},{ok},6.7
23-Jul-25 5:00:01 PM WEST,{ },{ok},6.5
23-Jul-25 5:15:01 PM WEST,{ },{ok},6.6
23-Jul-25 5:30:01 PM WEST,{ },{ok},6.5
23-Jul-25 5:45:01 PM WEST,{ },{ok},6.5
23-Jul-25 6:00:01 PM WEST,{ },{ok},3.7
23-Jul-25 6:15:01 PM WEST,{ },{ok},3.7
23-Jul-25 6:30:01 PM WEST,{ },{ok},3.7
23-Jul-25 6:45:01 PM WEST,{ },{ok},6.5
23-Jul-25 7:00:01 PM WEST,{ },{ok},3.6
23-Jul-25 7:15:01 PM WEST,{ },{ok},6.4
23-Jul-25 7:30:01 PM WEST,{ },{ok},6.4
23-Jul-25 7:45:01 PM WEST,{ },{ok},3.7
23-Jul-25 8:00:01 PM WEST,{ },{ok},3.7
23-Jul-25 8:15:01 PM WEST,{ },{ok},6.5
23-Jul-25 8:30:01 PM WEST,{ },{ok},3.7
23-Jul-25 8:45:01 PM WEST,{ },{ok},6.3
23-Jul-25 9:00:01 PM WEST,{ },{ok},3.5
23-Jul-25 9:15:01 PM WEST,{ },{ok},5.8
23-Jul-25 9:30:01 PM WEST,{ },{ok},3.5
23-Jul-25 9:45:01 PM WEST,{ },{ok},3.4
23-Jul-25 10:00:01 PM WEST,{ },{ok},3.4
23-Jul-25 10:15:01 PM WEST,{ },{ok},3.5
23-Jul-25 10:30:02 PM WEST,{ },{ok},3.5
23-Jul-25 10:45:01 PM WEST,{ },{ok},3.5
23-Jul-25 11:00:01 PM WEST,{ },{ok},3.4
23-Jul-25 11:15:01 PM WEST,{ },{ok},3.3
23-Jul-25 11:30:01 PM WEST,{ },{ok},6.0
23-Jul-25 11:45:01 PM WEST,{ },{ok},3.3
24-Jul-25 12:00:01 AM WEST,{ },{ok},5.8
24-Jul-25 12:15:01 AM WEST,{ },{ok},5.9
24-Jul-25 12:30:01 AM WEST,{ },{ok},3.3
24-Jul-25 12:45:01 AM WEST,{ },{ok},5.7
24-Jul-25 1:00:01 AM WEST,{ },{ok},3.3
24-Jul-25 1:15:01 AM WEST,{ },{ok},2.7
24-Jul-25 1:30:01 AM WEST,{ },{ok},2.7
24-Jul-25 1:45:01 AM WEST,{ },{ok},5.2
24-Jul-25 2:00:02 AM WEST,{ },{ok},2.8
24-Jul-25 2:15:01 AM WEST,{ },{ok},2.8
24-Jul-25 2:30:01 AM WEST,{ },{ok},2.8
24-Jul-25 2:45:01 AM WEST,{ },{ok},0.3
24-Jul-25 3:00:01 AM WEST,{ },{ok},5.3
24-Jul-25 3:15:01 AM WEST,{ },{ok},5.3
24-Jul-25 3:30:01 AM WEST,{ },{ok},2.7
24-Jul-25 3:45:02 AM WEST,{ },{ok},2.8
24-Jul-25 4:00:01 AM WEST,{ },{ok},0.3
24-Jul-25 4:15:01 AM WEST,{ },{ok},2.8
24-Jul-25 4:30:01 AM WEST,{ },{ok},0.3
24-Jul-25 4:45:01 AM WEST,{ },{ok},2.8
24-Jul-25 5:00:01 AM WEST,{ },{ok},0.3
24-Jul-25 5:15:01 AM WEST,{ },{ok},0.3
24-Jul-25 5:30:01 AM WEST,{ },{ok},0.3
24-Jul-25 5:45:01 AM WEST,{ },{ok},2.8
24-Jul-25 6:00:01 AM WEST,{ },{ok},5.4
24-Jul-25 6:15:01 AM WEST,{ },{ok},5.3
24-Jul-25 6:30:01 AM WEST,{ },{ok},3.1
24-Jul-25 6:45:01 AM WEST,{ },{ok},0.3
24-Jul-25 7:00:01 AM WEST,{ },{ok},0.3
24-Jul-25 7:15:01 AM WEST,{ },{ok},0.3
24-Jul-25 7:30:01 AM WEST,{ },{ok},2.8
24-Jul-25 7:45:01 AM WEST,{ },{ok},5.3
24-Jul-25 8:00:01 AM WEST,{ },{ok},2.8
24-Jul-25 8:15:01 AM WEST,{ },{ok},3.1
24-Jul-25 8:30:01 AM WEST,{ },{ok},2.8
24-Jul-25 8:45:01 AM WEST,{ },{ok},0.3
24-Jul-25 9:00:01 AM WEST,{ },{ok},2.7
24-Jul-25 9:15:01 AM WEST,{ },{ok},0.2
24-Jul-25 9:30:00 AM WEST,{ },{ok},2.7
24-Jul-25 9:45:01 AM WEST,{ },{ok},2.7
24-Jul-25 10:00:01 AM WEST,{ },{ok},0.8
24-Jul-25 10:15:01 AM WEST,{ },{ok},5.7
24-Jul-25 10:30:01 AM WEST,{ },{ok},3.3
24-Jul-25 10:45:01 AM WEST,{ },{ok},3.2
24-Jul-25 11:00:01 AM WEST,{ },{ok},3.3
24-Jul-25 11:15:01 AM WEST,{ },{ok},5.7
24-Jul-25 11:30:01 AM WEST,{ },{ok},5.6
24-Jul-25 11:45:01 AM WEST,{ },{ok},5.7
24-Jul-25 12:00:01 PM WEST,{ },{ok},5.6
24-Jul-25 12:15:01 PM WEST,{ },{ok},3.3
24-Jul-25 12:30:01 PM WEST,{ },{ok},0.8
24-Jul-25 12:45:01 PM WEST,{ },{ok},3.3
24-Jul-25 1:00:01 PM WEST,{ },{ok},5.9
24-Jul-25 1:15:01 PM WEST,{ },{ok},5.9
24-Jul-25 1:30:01 PM WEST,{ },{ok},6.0
24-Jul-25 1:45:01 PM WEST,{ },{ok},6.0
24-Jul-25 2:00:01 PM WEST,{ },{ok},3.6
24-Jul-25 2:15:01 PM WEST,{ },{ok},3.6
24-Jul-25 2:30:01 PM WEST,{ },{ok},3.5
24-Jul-25 2:45:01 PM WEST,{ },{ok},3.6
24-Jul-25 3:00:00 PM WEST,{ },{ok},6.5
24-Jul-25 3:15:01 PM WEST,{ },{ok},3.6
24-Jul-25 3:30:01 PM WEST,{ },{ok},3.6
24-Jul-25 3:45:01 PM WEST,{ },{ok},6.5
24-Jul-25 4:00:01 PM WEST,{ },{ok},3.6
24-Jul-25 4:15:01 PM WEST,{ },{ok},3.7
24-Jul-25 4:30:20 PM WEST,{ },{ok},3.7
24-Jul-25 4:45:00 PM WEST,{ },{ok},3.7
24-Jul-25 5:00:02 PM WEST,{ },{ok},6.4
24-Jul-25 5:15:01 PM WEST,{ },{ok},6.5
24-Jul-25 5:30:01 PM WEST,{ },{ok},6.4
24-Jul-25 5:45:01 PM WEST,{ },{ok},0.9
24-Jul-25 6:00:01 PM WEST,{ },{ok},6.4
24-Jul-25 6:15:01 PM WEST,{ },{ok},3.6
24-Jul-25 6:30:01 PM WEST,{ },{ok},3.6
24-Jul-25 6:45:01 PM WEST,{ },{ok},0.8
24-Jul-25 7:00:01 PM WEST,{ },{ok},3.6
24-Jul-25 7:15:01 PM WEST,{ },{ok},3.6
24-Jul-25 7:30:01 PM WEST,{ },{ok},3.5
24-Jul-25 7:45:01 PM WEST,{ },{ok},6.3
24-Jul-25 8:00:01 PM WEST,{ },{ok},3.7
24-Jul-25 8:15:01 PM WEST,{ },{ok},6.2
24-Jul-25 8:30:01 PM WEST,{ },{ok},3.6
24-Jul-25 8:45:01 PM WEST,{ },{ok},6.2
24-Jul-25 9:00:01 PM WEST,{ },{ok},3.5
24-Jul-25 9:15:01 PM WEST,{ },{ok},6.1
24-Jul-25 9:30:02 PM WEST,{ },{ok},3.4
24-Jul-25 9:45:01 PM WEST,{ },{ok},5.9
24-Jul-25 10:00:01 PM WEST,{ },{ok},3.3
24-Jul-25 10:15:01 PM WEST,{ },{ok},4.8
24-Jul-25 10:30:02 PM WEST,{ },{ok},3.4
24-Jul-25 10:45:01 PM WEST,{ },{ok},0.8
24-Jul-25 11:00:01 PM WEST,{ },{ok},3.3
24-Jul-25 11:15:01 PM WEST,{ },{ok},3.3
24-Jul-25 11:30:01 PM WEST,{ },{ok},6.0
24-Jul-25 11:45:01 PM WEST,{ },{ok},3.3
25-Jul-25 12:00:01 AM WEST,{ },{ok},5.8
25-Jul-25 12:15:01 AM WEST,{ },{ok},0.8
25-Jul-25 12:30:01 AM WEST,{ },{ok},3.3
25-Jul-25 12:45:01 AM WEST,{ },{ok},5.8
25-Jul-25 1:00:01 AM WEST,{ },{ok},0.9
25-Jul-25 1:15:01 AM WEST,{ },{ok},3.3
25-Jul-25 1:30:02 AM WEST,{ },{ok},5.2
25-Jul-25 1:45:01 AM WEST,{ },{ok},5.1
25-Jul-25 2:00:01 AM WEST,{ },{ok},2.8
25-Jul-25 2:15:01 AM WEST,{ },{ok},2.8
25-Jul-25 2:30:01 AM WEST,{ },{ok},2.9
25-Jul-25 2:45:01 AM WEST,{ },{ok},2.9
25-Jul-25 3:00:01 AM WEST,{ },{ok},2.9
25-Jul-25 3:15:02 AM WEST,{ },{ok},0.3
25-Jul-25 3:30:01 AM WEST,{ },{ok},2.8
25-Jul-25 3:45:01 AM WEST,{ },{ok},0.3
25-Jul-25 4:00:01 AM WEST,{ },{ok},2.8
25-Jul-25 4:15:01 AM WEST,{ },{ok},2.9
25-Jul-25 4:30:01 AM WEST,{ },{ok},5.3
25-Jul-25 4:45:01 AM WEST,{ },{ok},0.3
25-Jul-25 5:00:01 AM WEST,{ },{ok},0.3
25-Jul-25 5:15:02 AM WEST,{ },{ok},0.3
25-Jul-25 5:30:01 AM WEST,{ },{ok},0.3
25-Jul-25 5:45:01 AM WEST,{ },{ok},0.3
25-Jul-25 6:00:01 AM WEST,{ },{ok},0.3
25-Jul-25 6:15:01 AM WEST,{ },{ok},2.8
25-Jul-25 6:30:01 AM WEST,{ },{ok},5.3
25-Jul-25 6:45:01 AM WEST,{ },{ok},5.3
25-Jul-25 7:00:01 AM WEST,{ },{ok},5.3
25-Jul-25 7:15:01 AM WEST,{ },{ok},2.7
25-Jul-25 7:30:02 AM WEST,{ },{ok},0.2
25-Jul-25 7:45:01 AM WEST,{ },{ok},0.3
25-Jul-25 8:00:01 AM WEST,{ },{ok},2.8
25-Jul-25 8:15:01 AM WEST,{ },{ok},2.7
25-Jul-25 8:30:01 AM WEST,{ },{ok},2.7
25-Jul-25 8:45:01 AM WEST,{ },{ok},0.8
25-Jul-25 9:00:01 AM WEST,{ },{ok},2.7
25-Jul-25 9:15:01 AM WEST,{ },{ok},3.3
25-Jul-25 9:30:01 AM WEST,{ },{ok},3.2
25-Jul-25 9:45:01 AM WEST,{ },{ok},3.4
25-Jul-25 10:00:01 AM WEST,{ },{ok},3.3
25-Jul-25 10:15:01 AM WEST,{ },{ok},3.4
25-Jul-25 10:30:02 AM WEST,{ },{ok},3.4
25-Jul-25 10:45:01 AM WEST,{ },{ok},3.4
25-Jul-25 11:00:01 AM WEST,{ },{ok},3.3
25-Jul-25 11:15:01 AM WEST,{ },{ok},5.9
25-Jul-25 11:30:01 AM WEST,{ },{ok},5.8
25-Jul-25 11:45:01 AM WEST,{ },{ok},5.8
25-Jul-25 12:00:01 PM WEST,{ },{ok},6.0
25-Jul-25 12:15:01 PM WEST,{ },{ok},6.0
25-Jul-25 12:30:01 PM WEST,{ },{ok},6.1
25-Jul-25 12:45:01 PM WEST,{ },{ok},6.1
25-Jul-25 1:00:01 PM WEST,{ },{ok},6.2
25-Jul-25 1:15:01 PM WEST,{ },{ok},3.6
25-Jul-25 1:30:01 PM WEST,{ },{ok},0.9
25-Jul-25 1:45:01 PM WEST,{ },{ok},0.9
25-Jul-25 2:00:01 PM WEST,{ },{ok},3.8
25-Jul-25 2:15:01 PM WEST,{ },{ok},3.8
25-Jul-25 2:30:01 PM WEST,{ },{ok},6.6
25-Jul-25 2:45:01 PM WEST,{ },{ok},6.5
25-Jul-25 3:00:00 PM WEST,{ },{ok},3.7
25-Jul-25 3:15:02 PM WEST,{ },{ok},6.4
25-Jul-25 3:30:01 PM WEST,{ },{ok},3.7
25-Jul-25 3:45:01 PM WEST,{ },{ok},3.7
25-Jul-25 4:00:01 PM WEST,{ },{ok},3.6
25-Jul-25 4:15:01 PM WEST,{ },{ok},3.6
25-Jul-25 4:30:01 PM WEST,{ },{ok},6.3
25-Jul-25 4:45:01 PM WEST,{ },{ok},3.6
25-Jul-25 5:00:01 PM WEST,{ },{ok},3.5
25-Jul-25 5:15:01 PM WEST,{ },{ok},3.5
25-Jul-25 5:30:02 PM WEST,{ },{ok},3.5
25-Jul-25 5:45:01 PM WEST,{ },{ok},3.6
25-Jul-25 6:00:01 PM WEST,{ },{ok},5.5
25-Jul-25 6:15:01 PM WEST,{ },{ok},6.2
25-Jul-25 6:30:01 PM WEST,{ },{ok},6.1
25-Jul-25 6:45:02 PM WEST,{ },{ok},3.5
25-Jul-25 7:00:01 PM WEST,{ },{ok},6.1
25-Jul-25 7:15:01 PM WEST,{ },{ok},3.5
25-Jul-25 7:30:01 PM WEST,{ },{ok},3.5
25-Jul-25 7:45:01 PM WEST,{ },{ok},6.0
25-Jul-25 8:00:01 PM WEST,{ },{ok},3.5
25-Jul-25 8:15:01 PM WEST,{ },{ok},3.5
25-Jul-25 8:30:01 PM WEST,{ },{ok},5.9
25-Jul-25 8:45:01 PM WEST,{ },{ok},3.4
25-Jul-25 9:00:01 PM WEST,{ },{ok},5.8
25-Jul-25 9:15:02 PM WEST,{ },{ok},3.3
25-Jul-25 9:30:01 PM WEST,{ },{ok},3.3
25-Jul-25 9:45:02 PM WEST,{ },{ok},3.3
25-Jul-25 10:00:02 PM WEST,{ },{ok},5.8
25-Jul-25 10:15:01 PM WEST,{ },{ok},3.3
25-Jul-25 10:30:02 PM WEST,{ },{ok},3.4
25-Jul-25 10:45:01 PM WEST,{ },{ok},3.4
25-Jul-25 11:00:01 PM WEST,{ },{ok},0.9
25-Jul-25 11:15:01 PM WEST,{ },{ok},0.9
25-Jul-25 11:30:01 PM WEST,{ },{ok},5.8
25-Jul-25 11:45:01 PM WEST,{ },{ok},3.3
26-Jul-25 12:00:01 AM WEST,{ },{ok},0.9
26-Jul-25 12:15:01 AM WEST,{ },{ok},3.4
26-Jul-25 12:30:01 AM WEST,{ },{ok},5.9
26-Jul-25 12:45:01 AM WEST,{ },{ok},5.8
26-Jul-25 1:00:01 AM WEST,{ },{ok},5.7
26-Jul-25 1:15:01 AM WEST,{ },{ok},3.2
26-Jul-25 1:30:01 AM WEST,{ },{ok},0.8
26-Jul-25 1:45:01 AM WEST,{ },{ok},0.2
26-Jul-25 2:00:01 AM WEST,{ },{ok},2.8
26-Jul-25 2:15:01 AM WEST,{ },{ok},2.7
26-Jul-25 2:30:01 AM WEST,{ },{ok},2.7
26-Jul-25 2:45:01 AM WEST,{ },{ok},2.7
26-Jul-25 3:00:01 AM WEST,{ },{ok},2.7
26-Jul-25 3:15:01 AM WEST,{ },{ok},2.7
26-Jul-25 3:30:01 AM WEST,{ },{ok},2.7
26-Jul-25 3:45:01 AM WEST,{ },{ok},2.7
26-Jul-25 4:00:01 AM WEST,{ },{ok},2.7
26-Jul-25 4:15:01 AM WEST,{ },{ok},2.6
26-Jul-25 4:30:01 AM WEST,{ },{ok},2.7
26-Jul-25 4:45:01 AM WEST,{ },{ok},2.7
26-Jul-25 5:00:01 AM WEST,{ },{ok},0.3
26-Jul-25 5:15:01 AM WEST,{ },{ok},0.3
26-Jul-25 5:30:01 AM WEST,{ },{ok},0.3
26-Jul-25 5:45:01 AM WEST,{ },{ok},0.3
26-Jul-25 6:00:01 AM WEST,{ },{ok},0.3
26-Jul-25 6:15:01 AM WEST,{ },{ok},0.2
26-Jul-25 6:30:01 AM WEST,{ },{ok},0.3
26-Jul-25 6:45:01 AM WEST,{ },{ok},5.1
26-Jul-25 7:00:01 AM WEST,{ },{ok},5.1
26-Jul-25 7:15:02 AM WEST,{ },{ok},5.1
26-Jul-25 7:30:01 AM WEST,{ },{ok},5.1
26-Jul-25 7:45:01 AM WEST,{ },{ok},5.2
26-Jul-25 8:00:01 AM WEST,{ },{ok},2.7
26-Jul-25 8:15:01 AM WEST,{ },{ok},2.8
26-Jul-25 8:30:01 AM WEST,{ },{ok},2.7
26-Jul-25 8:45:01 AM WEST,{ },{ok},2.7
26-Jul-25 9:00:01 AM WEST,{ },{ok},2.7
26-Jul-25 9:15:00 AM WEST,{ },{ok},2.6
26-Jul-25 9:30:01 AM WEST,{ },{ok},3.2
26-Jul-25 9:45:01 AM WEST,{ },{ok},3.2
26-Jul-25 10:00:01 AM WEST,{ },{ok},3.3
26-Jul-25 10:15:01 AM WEST,{ },{ok},0.8
26-Jul-25 10:30:02 AM WEST,{ },{ok},5.4
26-Jul-25 10:45:01 AM WEST,{ },{ok},0.8
26-Jul-25 11:00:01 AM WEST,{ },{ok},3.3
26-Jul-25 11:15:01 AM WEST,{ },{ok},5.8
26-Jul-25 11:30:01 AM WEST,{ },{ok},5.8
26-Jul-25 11:45:01 AM WEST,{ },{ok},5.8
26-Jul-25 12:00:01 PM WEST,{ },{ok},5.9
26-Jul-25 12:15:01 PM WEST,{ },{ok},5.8
26-Jul-25 12:30:01 PM WEST,{ },{ok},5.9
26-Jul-25 12:45:01 PM WEST,{ },{ok},5.9
26-Jul-25 1:00:01 PM WEST,{ },{ok},6.1
26-Jul-25 1:15:01 PM WEST,{ },{ok},6.1
26-Jul-25 1:30:01 PM WEST,{ },{ok},6.2
26-Jul-25 1:45:01 PM WEST,{ },{ok},6.2
26-Jul-25 2:00:01 PM WEST,{ },{ok},3.7
26-Jul-25 2:15:01 PM WEST,{ },{ok},3.7
26-Jul-25 2:30:01 PM WEST,{ },{ok},3.6
26-Jul-25 2:45:01 PM WEST,{ },{ok},3.6
26-Jul-25 3:00:01 PM WEST,{ },{ok},3.6
26-Jul-25 3:15:01 PM WEST,{ },{ok},3.5
26-Jul-25 3:30:01 PM WEST,{ },{ok},3.5
26-Jul-25 3:45:01 PM WEST,{ },{ok},3.6
26-Jul-25 4:00:01 PM WEST,{ },{ok},3.6
26-Jul-25 4:15:01 PM WEST,{ },{ok},6.2
26-Jul-25 4:30:01 PM WEST,{ },{ok},3.6
26-Jul-25 4:45:01 PM WEST,{ },{ok},6.3
26-Jul-25 5:00:01 PM WEST,{ },{ok},6.1
26-Jul-25 5:15:01 PM WEST,{ },{ok},6.2
26-Jul-25 5:30:01 PM WEST,{ },{ok},3.9
26-Jul-25 5:45:01 PM WEST,{ },{ok},0.9
26-Jul-25 6:00:01 PM WEST,{ },{ok},6.1
26-Jul-25 6:15:01 PM WEST,{ },{ok},6.1
26-Jul-25 6:30:01 PM WEST,{ },{ok},3.5
26-Jul-25 6:45:01 PM WEST,{ },{ok},0.9
26-Jul-25 7:00:01 PM WEST,{ },{ok},6.2
26-Jul-25 7:15:01 PM WEST,{ },{ok},3.5
26-Jul-25 7:30:01 PM WEST,{ },{ok},0.9
26-Jul-25 7:45:01 PM WEST,{ },{ok},6.0
26-Jul-25 8:00:01 PM WEST,{ },{ok},3.5
26-Jul-25 8:15:01 PM WEST,{ },{ok},3.5
26-Jul-25 8:30:01 PM WEST,{ },{ok},6.0
26-Jul-25 8:45:01 PM WEST,{ },{ok},3.3
26-Jul-25 9:00:01 PM WEST,{ },{ok},0.8
26-Jul-25 9:15:01 PM WEST,{ },{ok},5.8
26-Jul-25 9:30:01 PM WEST,{ },{ok},5.7
26-Jul-25 9:45:02 PM WEST,{ },{ok},3.4
26-Jul-25 10:00:01 PM WEST,{ },{ok},3.3
26-Jul-25 10:15:01 PM WEST,{ },{ok},3.1
26-Jul-25 10:30:01 PM WEST,{ },{ok},3.3
26-Jul-25 10:45:01 PM WEST,{ },{ok},5.7
26-Jul-25 11:00:01 PM WEST,{ },{ok},0.9
26-Jul-25 11:15:01 PM WEST,{ },{ok},0.8
26-Jul-25 11:30:01 PM WEST,{ },{ok},0.8
26-Jul-25 11:45:01 PM WEST,{ },{ok},0.8
27-Jul-25 12:00:00 AM WEST,{ },{ok},0.8
27-Jul-25 12:15:01 AM WEST,{ },{ok},3.3
27-Jul-25 12:30:01 AM WEST,{ },{ok},5.6
27-Jul-25 12:45:01 AM WEST,{ },{ok},5.6
27-Jul-25 1:00:01 AM WEST,{ },{ok},5.6
27-Jul-25 1:15:01 AM WEST,{ },{ok},5.7
27-Jul-25 1:30:01 AM WEST,{ },{ok},5.1
27-Jul-25 1:45:01 AM WEST,{ },{ok},0.2
27-Jul-25 2:00:01 AM WEST,{ },{ok},2.7
27-Jul-25 2:15:00 AM WEST,{ },{ok},2.6
27-Jul-25 2:30:01 AM WEST,{ },{ok},2.7
27-Jul-25 2:45:01 AM WEST,{ },{ok},5.1
27-Jul-25 3:00:02 AM WEST,{ },{ok},2.7
27-Jul-25 3:15:01 AM WEST,{ },{ok},2.7
27-Jul-25 3:30:01 AM WEST,{ },{ok},2.7
27-Jul-25 3:45:01 AM WEST,{ },{ok},2.7
27-Jul-25 4:00:01 AM WEST,{ },{ok},2.8
27-Jul-25 4:15:01 AM WEST,{ },{ok},5.3
27-Jul-25 4:30:02 AM WEST,{ },{ok},0.3
27-Jul-25 4:45:01 AM WEST,{ },{ok},5.2
27-Jul-25 5:00:01 AM WEST,{ },{ok},0.3
27-Jul-25 5:15:01 AM WEST,{ },{ok},0.3
27-Jul-25 5:30:01 AM WEST,{ },{ok},0.3
27-Jul-25 5:45:01 AM WEST,{ },{ok},0.3
27-Jul-25 6:00:01 AM WEST,{ },{ok},0.3
27-Jul-25 6:15:02 AM WEST,{ },{ok},0.3
27-Jul-25 6:30:01 AM WEST,{ },{ok},0.3
27-Jul-25 6:45:01 AM WEST,{ },{ok},0.9
27-Jul-25 7:00:01 AM WEST,{ },{ok},0.9
27-Jul-25 7:15:01 AM WEST,{ },{ok},5.5
27-Jul-25 7:30:01 AM WEST,{ },{ok},5.0
27-Jul-25 7:45:01 AM WEST,{ },{ok},5.0
27-Jul-25 8:00:01 AM WEST,{ },{ok},2.7
27-Jul-25 8:15:01 AM WEST,{ },{ok},3.2
27-Jul-25 8:30:01 AM WEST,{ },{ok},0.8
27-Jul-25 8:45:01 AM WEST,{ },{ok},2.7
27-Jul-25 9:00:01 AM WEST,{ },{ok},0.2
27-Jul-25 9:15:01 AM WEST,{ },{ok},3.3
27-Jul-25 9:30:01 AM WEST,{ },{ok},3.3
27-Jul-25 9:45:02 AM WEST,{ },{ok},0.8
27-Jul-25 10:00:01 AM WEST,{ },{ok},3.3
27-Jul-25 10:15:01 AM WEST,{ },{ok},3.3
27-Jul-25 10:30:01 AM WEST,{ },{ok},5.8
27-Jul-25 10:45:01 AM WEST,{ },{ok},0.8
27-Jul-25 11:00:01 AM WEST,{ },{ok},3.2
27-Jul-25 11:15:01 AM WEST,{ },{ok},0.8
27-Jul-25 11:30:01 AM WEST,{ },{ok},0.8
27-Jul-25 11:45:02 AM WEST,{ },{ok},3.3
27-Jul-25 12:00:02 PM WEST,{ },{ok},5.8
27-Jul-25 12:15:01 PM WEST,{ },{ok},5.8
27-Jul-25 12:30:01 PM WEST,{ },{ok},5.3
27-Jul-25 12:45:01 PM WEST,{ },{ok},0.8
27-Jul-25 1:00:01 PM WEST,{ },{ok},0.8
27-Jul-25 1:15:01 PM WEST,{ },{ok},3.5
27-Jul-25 1:30:01 PM WEST,{ },{ok},6.1
27-Jul-25 1:45:01 PM WEST,{ },{ok},6.1
27-Jul-25 2:00:01 PM WEST,{ },{ok},3.7
27-Jul-25 2:15:00 PM WEST,{ },{ok},3.6
27-Jul-25 2:30:01 PM WEST,{ },{ok},6.4
27-Jul-25 2:45:01 PM WEST,{ },{ok},3.7
27-Jul-25 3:00:02 PM WEST,{ },{ok},3.7
27-Jul-25 3:15:00 PM WEST,{ },{ok},6.5
27-Jul-25 3:30:01 PM WEST,{ },{ok},3.8
27-Jul-25 3:45:01 PM WEST,{ },{ok},6.6
27-Jul-25 4:00:01 PM WEST,{ },{ok},3.8
27-Jul-25 4:15:01 PM WEST,{ },{ok},6.8
27-Jul-25 4:30:00 PM WEST,{ },{ok},3.9
27-Jul-25 4:45:01 PM WEST,{ },{ok},6.7
27-Jul-25 5:00:01 PM WEST,{ },{ok},3.7
27-Jul-25 5:15:01 PM WEST,{ },{ok},6.4
27-Jul-25 5:30:01 PM WEST,{ },{ok},6.4
27-Jul-25 5:45:01 PM WEST,{ },{ok},6.3
27-Jul-25 6:00:01 PM WEST,{ },{ok},6.2
27-Jul-25 6:15:01 PM WEST,{ },{ok},6.1
27-Jul-25 6:30:01 PM WEST,{ },{ok},3.6
27-Jul-25 6:45:01 PM WEST,{ },{ok},3.5
27-Jul-25 7:00:01 PM WEST,{ },{ok},3.6
27-Jul-25 7:15:01 PM WEST,{ },{ok},6.2
27-Jul-25 7:30:01 PM WEST,{ },{ok},3.5
27-Jul-25 7:45:01 PM WEST,{ },{ok},3.5
27-Jul-25 8:00:01 PM WEST,{ },{ok},3.6
27-Jul-25 8:15:01 PM WEST,{ },{ok},5.9
27-Jul-25 8:30:01 PM WEST,{ },{ok},6.0
27-Jul-25 8:45:01 PM WEST,{ },{ok},3.4
27-Jul-25 9:00:01 PM WEST,{ },{ok},3.3
27-Jul-25 9:15:01 PM WEST,{ },{ok},5.7
27-Jul-25 9:30:01 PM WEST,{ },{ok},5.8
27-Jul-25 9:45:02 PM WEST,{ },{ok},3.3
27-Jul-25 10:00:01 PM WEST,{ },{ok},0.8
27-Jul-25 10:15:01 PM WEST,{ },{ok},3.3
27-Jul-25 10:30:01 PM WEST,{ },{ok},5.7
27-Jul-25 10:45:01 PM WEST,{ },{ok},5.9
27-Jul-25 11:00:01 PM WEST,{ },{ok},0.8
27-Jul-25 11:15:01 PM WEST,{ },{ok},0.8
27-Jul-25 11:30:01 PM WEST,{ },{ok},5.8
27-Jul-25 11:45:01 PM WEST,{ },{ok},0.8
28-Jul-25 12:00:01 AM WEST,{ },{ok},3.2
28-Jul-25 12:15:01 AM WEST,{ },{ok},5.6
28-Jul-25 12:30:02 AM WEST,{ },{ok},0.8
28-Jul-25 12:45:02 AM WEST,{ },{ok},3.2
28-Jul-25 1:00:03 AM WEST,{ },{ok},5.6
28-Jul-25 1:15:02 AM WEST,{ },{ok},0.8
28-Jul-25 1:30:02 AM WEST,{ },{ok},3.3
28-Jul-25 1:45:01 AM WEST,{ },{ok},5.7
28-Jul-25 2:00:01 AM WEST,{ },{ok},5.3
28-Jul-25 2:15:01 AM WEST,{ },{ok},2.8
28-Jul-25 2:30:01 AM WEST,{ },{ok},3.4
28-Jul-25 2:45:01 AM WEST,{ },{ok},2.8
28-Jul-25 3:00:01 AM WEST,{ },{ok},2.8
28-Jul-25 3:15:01 AM WEST,{ },{ok},2.8
28-Jul-25 3:30:01 AM WEST,{ },{ok},0.2
28-Jul-25 3:45:01 AM WEST,{ },{ok},2.9
28-Jul-25 4:00:01 AM WEST,{ },{ok},0.3
28-Jul-25 4:15:01 AM WEST,{ },{ok},2.8
28-Jul-25 4:30:01 AM WEST,{ },{ok},0.3
28-Jul-25 4:45:01 AM WEST,{ },{ok},5.4
28-Jul-25 5:00:02 AM WEST,{ },{ok},0.3
28-Jul-25 5:15:01 AM WEST,{ },{ok},0.3
28-Jul-25 5:30:01 AM WEST,{ },{ok},0.3
28-Jul-25 5:45:01 AM WEST,{ },{ok},0.3
28-Jul-25 6:00:01 AM WEST,{ },{ok},0.3
28-Jul-25 6:15:01 AM WEST,{ },{ok},0.3
28-Jul-25 6:30:01 AM WEST,{ },{ok},0.3
28-Jul-25 6:45:01 AM WEST,{ },{ok},0.3
28-Jul-25 7:00:01 AM WEST,{ },{ok},0.3
28-Jul-25 7:15:01 AM WEST,{ },{ok},0.3
28-Jul-25 7:30:02 AM WEST,{ },{ok},0.3
28-Jul-25 7:45:01 AM WEST,{ },{ok},0.3
28-Jul-25 8:00:01 AM WEST,{ },{ok},2.8
28-Jul-25 8:15:01 AM WEST,{ },{ok},0.3
28-Jul-25 8:30:01 AM WEST,{ },{ok},5.8
28-Jul-25 8:45:01 AM WEST,{ },{ok},0.2
28-Jul-25 9:00:01 AM WEST,{ },{ok},3.3
28-Jul-25 9:15:01 AM WEST,{ },{ok},2.7
28-Jul-25 9:30:01 AM WEST,{ },{ok},3.2
28-Jul-25 9:45:01 AM WEST,{ },{ok},3.3
28-Jul-25 10:00:09 AM WEST,{ },{ok},3.3
28-Jul-25 10:15:00 AM WEST,{ },{ok},3.2
28-Jul-25 10:30:01 AM WEST,{ },{ok},3.1
28-Jul-25 10:45:01 AM WEST,{ },{ok},5.8
28-Jul-25 11:00:01 AM WEST,{ },{ok},6.0
28-Jul-25 11:15:01 AM WEST,{ },{ok},6.0
28-Jul-25 11:30:01 AM WEST,{ },{ok},6.0
28-Jul-25 11:45:00 AM WEST,{ },{ok},6.0
28-Jul-25 12:00:02 PM WEST,{ },{ok},6.1
28-Jul-25 12:15:00 PM WEST,{ },{ok},6.1
28-Jul-25 12:30:00 PM WEST,{ },{ok},6.1
28-Jul-25 12:45:02 PM WEST,{ },{ok},6.3
28-Jul-25 1:00:01 PM WEST,{ },{ok},3.9
28-Jul-25 1:15:01 PM WEST,{ },{ok},0.9
28-Jul-25 1:30:01 PM WEST,{ },{ok},0.9
28-Jul-25 1:45:02 PM WEST,{ },{ok},3.6
28-Jul-25 2:00:01 PM WEST,{ },{ok},3.9
28-Jul-25 2:15:01 PM WEST,{ },{ok},3.8
28-Jul-25 2:30:01 PM WEST,{ },{ok},6.8
28-Jul-25 2:45:00 PM WEST,{ },{ok},3.9
28-Jul-25 3:00:01 PM WEST,{ },{ok},3.8
28-Jul-25 3:15:01 PM WEST,{ },{ok},6.9
28-Jul-25 3:30:00 PM WEST,{ },{ok},3.8
28-Jul-25 3:45:01 PM WEST,{ },{ok},7.1
28-Jul-25 4:00:00 PM WEST,{ },{ok},3.9
28-Jul-25 4:15:00 PM WEST,{ },{ok},7.1
28-Jul-25 4:30:01 PM WEST,{ },{ok},4.0
28-Jul-25 4:45:01 PM WEST,{ },{ok},7.0
28-Jul-25 5:00:01 PM WEST,{ },{ok},6.7
28-Jul-25 5:15:01 PM WEST,{ },{ok},3.8
28-Jul-25 5:30:01 PM WEST,{ },{ok},3.8
28-Jul-25 5:45:01 PM WEST,{ },{ok},3.8
28-Jul-25 6:00:01 PM WEST,{ },{ok},6.6
28-Jul-25 6:15:01 PM WEST,{ },{ok},3.8
28-Jul-25 6:30:01 PM WEST,{ },{ok},6.6
28-Jul-25 6:45:01 PM WEST,{ },{ok},3.8
28-Jul-25 7:00:01 PM WEST,{ },{ok},3.9
28-Jul-25 7:15:01 PM WEST,{ },{ok},6.9
28-Jul-25 7:30:01 PM WEST,{ },{ok},6.9
28-Jul-25 7:45:01 PM WEST,{ },{ok},3.8
28-Jul-25 8:00:01 PM WEST,{ },{ok},4.0
28-Jul-25 8:15:01 PM WEST,{ },{ok},6.9
28-Jul-25 8:30:01 PM WEST,{ },{ok},4.0
28-Jul-25 8:45:01 PM WEST,{ },{ok},3.9
28-Jul-25 9:00:01 PM WEST,{ },{ok},6.6
28-Jul-25 9:15:01 PM WEST,{ },{ok},3.8
28-Jul-25 9:30:01 PM WEST,{ },{ok},0.9
28-Jul-25 9:45:01 PM WEST,{ },{ok},3.8
28-Jul-25 10:00:01 PM WEST,{ },{ok},3.8
28-Jul-25 10:15:00 PM WEST,{ },{ok},3.8
28-Jul-25 10:30:01 PM WEST,{ },{ok},0.9
28-Jul-25 10:45:01 PM WEST,{ },{ok},5.0
28-Jul-25 11:00:01 PM WEST,{ },{ok},0.9
28-Jul-25 11:15:02 PM WEST,{ },{ok},3.5
28-Jul-25 11:30:02 PM WEST,{ },{ok},6.1
28-Jul-25 11:45:01 PM WEST,{ },{ok},3.4
29-Jul-25 12:00:02 AM WEST,{ },{ok},5.9
29-Jul-25 12:15:01 AM WEST,{ },{ok},3.5
29-Jul-25 12:30:01 AM WEST,{ },{ok},3.3
29-Jul-25 12:45:01 AM WEST,{ },{ok},5.7
29-Jul-25 1:00:01 AM WEST,{ },{ok},0.9
29-Jul-25 1:15:01 AM WEST,{ },{ok},0.9
29-Jul-25 1:30:01 AM WEST,{ },{ok},2.7
29-Jul-25 1:45:01 AM WEST,{ },{ok},5.2
29-Jul-25 2:00:01 AM WEST,{ },{ok},0.3
29-Jul-25 2:15:01 AM WEST,{ },{ok},2.8
29-Jul-25 2:30:01 AM WEST,{ },{ok},2.7
29-Jul-25 2:45:02 AM WEST,{ },{ok},2.9
29-Jul-25 3:00:02 AM WEST,{ },{ok},2.8
29-Jul-25 3:15:01 AM WEST,{ },{ok},2.9
29-Jul-25 3:30:01 AM WEST,{ },{ok},5.3
29-Jul-25 3:45:01 AM WEST,{ },{ok},2.9
29-Jul-25 4:00:01 AM WEST,{ },{ok},6.0
29-Jul-25 4:15:01 AM WEST,{ },{ok},0.3
29-Jul-25 4:30:01 AM WEST,{ },{ok},2.9
29-Jul-25 4:45:01 AM WEST,{ },{ok},0.4
29-Jul-25 5:00:01 AM WEST,{ },{ok},0.3
29-Jul-25 5:15:01 AM WEST,{ },{ok},0.3
29-Jul-25 5:30:01 AM WEST,{ },{ok},0.3
29-Jul-25 5:45:02 AM WEST,{ },{ok},0.3
29-Jul-25 6:00:01 AM WEST,{ },{ok},0.3
29-Jul-25 6:15:01 AM WEST,{ },{ok},5.2
29-Jul-25 6:30:01 AM WEST,{ },{ok},5.1
29-Jul-25 6:45:01 AM WEST,{ },{ok},5.3
29-Jul-25 7:00:01 AM WEST,{ },{ok},5.2
29-Jul-25 7:15:01 AM WEST,{ },{ok},2.7
29-Jul-25 7:30:02 AM WEST,{ },{ok},0.3
29-Jul-25 7:45:02 AM WEST,{ },{ok},0.3
29-Jul-25 8:00:01 AM WEST,{ },{ok},0.3
29-Jul-25 8:15:01 AM WEST,{ },{ok},5.3
29-Jul-25 8:30:01 AM WEST,{ },{ok},0.3
29-Jul-25 8:45:01 AM WEST,{ },{ok},5.1
29-Jul-25 9:00:01 AM WEST,{ },{ok},0.3
29-Jul-25 9:15:01 AM WEST,{ },{ok},2.8
29-Jul-25 9:30:01 AM WEST,{ },{ok},0.8
29-Jul-25 9:45:00 AM WEST,{ },{ok},3.3
29-Jul-25 10:00:01 AM WEST,{ },{ok},0.8
29-Jul-25 10:15:01 AM WEST,{ },{ok},5.7
29-Jul-25 10:30:01 AM WEST,{ },{ok},3.4
29-Jul-25 10:45:02 AM WEST,{ },{ok},3.2
29-Jul-25 11:00:02 AM WEST,{ },{ok},0.8
29-Jul-25 11:15:01 AM WEST,{ },{ok},0.8
29-Jul-25 11:30:01 AM WEST,{ },{ok},0.8
29-Jul-25 11:45:00 AM WEST,{ },{ok},0.8
29-Jul-25 12:00:01 PM WEST,{ },{ok},0.8
29-Jul-25 12:15:01 PM WEST,{ },{ok},0.8
29-Jul-25 12:30:01 PM WEST,{ },{ok},0.8
29-Jul-25 12:45:01 PM WEST,{ },{ok},3.4
29-Jul-25 1:00:00 PM WEST,{ },{ok},6.3
29-Jul-25 1:15:01 PM WEST,{ },{ok},6.2
29-Jul-25 1:30:01 PM WEST,{ },{ok},6.4
29-Jul-25 1:45:01 PM WEST,{ },{ok},6.3
29-Jul-25 2:00:01 PM WEST,{ },{ok},3.8
29-Jul-25 2:15:01 PM WEST,{ },{ok},3.8
29-Jul-25 2:30:01 PM WEST,{ },{ok},3.7
29-Jul-25 2:45:01 PM WEST,{ },{ok},6.5
29-Jul-25 3:00:01 PM WEST,{ },{ok},3.9
29-Jul-25 3:15:00 PM WEST,{ },{ok},7.0
29-Jul-25 3:30:01 PM WEST,{ },{ok},4.1
29-Jul-25 3:45:01 PM WEST,{ },{ok},3.9
29-Jul-25 4:00:00 PM WEST,{ },{ok},4.1
29-Jul-25 4:15:02 PM WEST,{ },{ok},3.9
29-Jul-25 4:30:01 PM WEST,{ },{ok},6.7
29-Jul-25 4:45:01 PM WEST,{ },{ok},3.9
29-Jul-25 5:00:01 PM WEST,{ },{ok},6.5
29-Jul-25 5:15:00 PM WEST,{ },{ok},6.7
29-Jul-25 5:30:02 PM WEST,{ },{ok},6.6
29-Jul-25 5:45:01 PM WEST,{ },{ok},6.5
29-Jul-25 6:00:01 PM WEST,{ },{ok},6.7
29-Jul-25 6:15:01 PM WEST,{ },{ok},3.8
29-Jul-25 6:30:01 PM WEST,{ },{ok},3.7
29-Jul-25 6:45:01 PM WEST,{ },{ok},6.5
29-Jul-25 7:00:01 PM WEST,{ },{ok},0.9
29-Jul-25 7:15:01 PM WEST,{ },{ok},6.5
29-Jul-25 7:30:01 PM WEST,{ },{ok},3.8
29-Jul-25 7:45:01 PM WEST,{ },{ok},3.7
29-Jul-25 8:00:01 PM WEST,{ },{ok},3.8
29-Jul-25 8:15:01 PM WEST,{ },{ok},6.6
29-Jul-25 8:30:01 PM WEST,{ },{ok},6.1
29-Jul-25 8:45:01 PM WEST,{ },{ok},3.5
29-Jul-25 9:00:01 PM WEST,{ },{ok},3.5
29-Jul-25 9:15:01 PM WEST,{ },{ok},6.0
29-Jul-25 9:30:02 PM WEST,{ },{ok},3.4
29-Jul-25 9:45:01 PM WEST,{ },{ok},0.9
29-Jul-25 10:00:02 PM WEST,{ },{ok},3.5
29-Jul-25 10:15:02 PM WEST,{ },{ok},0.9
29-Jul-25 10:30:02 PM WEST,{ },{ok},3.6
29-Jul-25 10:45:01 PM WEST,{ },{ok},3.6
29-Jul-25 11:00:01 PM WEST,{ },{ok},0.9
29-Jul-25 11:15:01 PM WEST,{ },{ok},3.5
29-Jul-25 11:30:01 PM WEST,{ },{ok},3.4
29-Jul-25 11:45:01 PM WEST,{ },{ok},6.1
30-Jul-25 12:00:10 AM WEST,{ },{ok},0.9
30-Jul-25 12:15:01 AM WEST,{ },{ok},0.9
30-Jul-25 12:30:02 AM WEST,{ },{ok},5.7
30-Jul-25 12:45:01 AM WEST,{ },{ok},5.7
30-Jul-25 1:00:01 AM WEST,{ },{ok},5.8
30-Jul-25 1:15:01 AM WEST,{ },{ok},6.1
30-Jul-25 1:30:01 AM WEST,{ },{ok},0.9
30-Jul-25 1:45:02 AM WEST,{ },{ok},0.3
30-Jul-25 2:00:01 AM WEST,{ },{ok},2.9
30-Jul-25 2:15:01 AM WEST,{ },{ok},5.3
30-Jul-25 2:30:02 AM WEST,{ },{ok},2.8
30-Jul-25 2:45:01 AM WEST,{ },{ok},2.9
30-Jul-25 3:00:02 AM WEST,{ },{ok},2.9
30-Jul-25 3:15:01 AM WEST,{ },{ok},0.3
30-Jul-25 3:30:01 AM WEST,{ },{ok},5.5
30-Jul-25 3:45:01 AM WEST,{ },{ok},0.3
30-Jul-25 4:00:01 AM WEST,{ },{ok},2.8
30-Jul-25 4:15:01 AM WEST,{ },{ok},3.6
30-Jul-25 4:30:01 AM WEST,{ },{ok},2.8
30-Jul-25 4:45:01 AM WEST,{ },{ok},2.8
30-Jul-25 5:00:01 AM WEST,{ },{ok},0.3
30-Jul-25 5:15:02 AM WEST,{ },{ok},0.3
30-Jul-25 5:30:02 AM WEST,{ },{ok},0.3
30-Jul-25 5:45:01 AM WEST,{ },{ok},2.8
30-Jul-25 6:00:01 AM WEST,{ },{ok},5.2
30-Jul-25 6:15:01 AM WEST,{ },{ok},5.2
30-Jul-25 6:30:02 AM WEST,{ },{ok},5.2
30-Jul-25 6:45:01 AM WEST,{ },{ok},2.8
30-Jul-25 7:00:01 AM WEST,{ },{ok},0.3
30-Jul-25 7:15:01 AM WEST,{ },{ok},0.3
30-Jul-25 7:30:01 AM WEST,{ },{ok},0.3
30-Jul-25 7:45:01 AM WEST,{ },{ok},0.3
30-Jul-25 8:00:01 AM WEST,{ },{ok},0.3
30-Jul-25 8:15:01 AM WEST,{ },{ok},2.8
30-Jul-25 8:30:01 AM WEST,{ },{ok},0.3
30-Jul-25 8:45:02 AM WEST,{ },{ok},5.3
30-Jul-25 9:00:01 AM WEST,{ },{ok},0.3
30-Jul-25 9:15:01 AM WEST,{ },{ok},5.8
30-Jul-25 9:30:02 AM WEST,{ },{ok},0.9
30-Jul-25 9:45:01 AM WEST,{ },{ok},3.4
30-Jul-25 10:00:01 AM WEST,{ },{ok},0.2
30-Jul-25 10:15:01 AM WEST,{ },{ok},5.8
30-Jul-25 10:30:01 AM WEST,{ },{ok},0.8
30-Jul-25 10:45:01 AM WEST,{ },{ok},3.3
30-Jul-25 11:00:01 AM WEST,{ },{ok},3.3
30-Jul-25 11:15:01 AM WEST,{ },{ok},0.8
30-Jul-25 11:30:01 AM WEST,{ },{ok},0.8
30-Jul-25 11:45:01 AM WEST,{ },{ok},0.8
30-Jul-25 12:00:01 PM WEST,{ },{ok},0.8
30-Jul-25 12:15:02 PM WEST,{ },{ok},0.8
30-Jul-25 12:30:01 PM WEST,{ },{ok},0.8
30-Jul-25 12:45:01 PM WEST,{ },{ok},3.4
30-Jul-25 1:00:01 PM WEST,{ },{ok},3.4
30-Jul-25 1:15:02 PM WEST,{ },{ok},0.8
30-Jul-25 1:30:01 PM WEST,{ },{ok},3.5
30-Jul-25 1:45:01 PM WEST,{ },{ok},3.5
30-Jul-25 2:00:01 PM WEST,{ },{ok},3.6
30-Jul-25 2:15:01 PM WEST,{ },{ok},3.7
30-Jul-25 2:30:01 PM WEST,{ },{ok},3.6
30-Jul-25 2:45:01 PM WEST,{ },{ok},3.7
30-Jul-25 3:00:01 PM WEST,{ },{ok},3.6
30-Jul-25 3:15:01 PM WEST,{ },{ok},3.7
30-Jul-25 3:30:01 PM WEST,{ },{ok},3.7
30-Jul-25 3:45:01 PM WEST,{ },{ok},3.7
30-Jul-25 4:00:02 PM WEST,{ },{ok},3.7
30-Jul-25 4:15:01 PM WEST,{ },{ok},6.7
30-Jul-25 4:30:01 PM WEST,{ },{ok},6.4
30-Jul-25 4:45:01 PM WEST,{ },{ok},3.7
30-Jul-25 5:00:01 PM WEST,{ },{ok},6.3
30-Jul-25 5:15:02 PM WEST,{ },{ok},6.2
30-Jul-25 5:30:01 PM WEST,{ },{ok},3.5
30-Jul-25 5:45:01 PM WEST,{ },{ok},6.1
30-Jul-25 6:00:01 PM WEST,{ },{ok},6.1
30-Jul-25 6:15:02 PM WEST,{ },{ok},0.9
30-Jul-25 6:30:02 PM WEST,{ },{ok},3.5
30-Jul-25 6:45:01 PM WEST,{ },{ok},6.1
30-Jul-25 7:00:01 PM WEST,{ },{ok},3.4
30-Jul-25 7:15:01 PM WEST,{ },{ok},6.0
30-Jul-25 7:30:01 PM WEST,{ },{ok},3.4
30-Jul-25 7:45:01 PM WEST,{ },{ok},5.9
30-Jul-25 8:00:01 PM WEST,{ },{ok},3.5
30-Jul-25 8:15:01 PM WEST,{ },{ok},3.5
30-Jul-25 8:30:01 PM WEST,{ },{ok},3.5
30-Jul-25 8:45:01 PM WEST,{ },{ok},3.4
30-Jul-25 9:00:01 PM WEST,{ },{ok},3.3
30-Jul-25 9:15:01 PM WEST,{ },{ok},3.2
30-Jul-25 9:30:02 PM WEST,{ },{ok},3.3
30-Jul-25 9:45:01 PM WEST,{ },{ok},3.2
30-Jul-25 10:00:01 PM WEST,{ },{ok},3.3
30-Jul-25 10:15:01 PM WEST,{ },{ok},5.5
30-Jul-25 10:30:01 PM WEST,{ },{ok},3.3
30-Jul-25 10:45:01 PM WEST,{ },{ok},3.3
30-Jul-25 11:00:01 PM WEST,{ },{ok},0.8
30-Jul-25 11:15:01 PM WEST,{ },{ok},3.2
30-Jul-25 11:30:01 PM WEST,{ },{ok},5.5
30-Jul-25 11:45:01 PM WEST,{ },{ok},0.8
31-Jul-25 12:00:02 AM WEST,{ },{ok},3.2
31-Jul-25 12:15:01 AM WEST,{ },{ok},0.9
31-Jul-25 12:30:02 AM WEST,{ },{ok},3.2
31-Jul-25 12:45:02 AM WEST,{ },{ok},5.5
31-Jul-25 1:00:01 AM WEST,{ },{ok},0.8
31-Jul-25 1:15:01 AM WEST,{ },{ok},3.2
31-Jul-25 1:30:01 AM WEST,{ },{ok},5.6
31-Jul-25 1:45:01 AM WEST,{ },{ok},0.2
31-Jul-25 2:00:01 AM WEST,{ },{ok},5.3
31-Jul-25 2:15:01 AM WEST,{ },{ok},2.8
31-Jul-25 2:30:01 AM WEST,{ },{ok},5.2
31-Jul-25 2:45:01 AM WEST,{ },{ok},0.3
31-Jul-25 3:00:02 AM WEST,{ },{ok},2.8
31-Jul-25 3:15:01 AM WEST,{ },{ok},0.3
31-Jul-25 3:30:02 AM WEST,{ },{ok},2.8
31-Jul-25 3:45:01 AM WEST,{ },{ok},0.3
31-Jul-25 4:00:01 AM WEST,{ },{ok},2.8
31-Jul-25 4:15:01 AM WEST,{ },{ok},2.7
31-Jul-25 4:30:01 AM WEST,{ },{ok},2.8
31-Jul-25 4:45:02 AM WEST,{ },{ok},5.2
31-Jul-25 5:00:01 AM WEST,{ },{ok},0.3
31-Jul-25 5:15:01 AM WEST,{ },{ok},2.7
31-Jul-25 5:30:01 AM WEST,{ },{ok},2.7
31-Jul-25 5:45:01 AM WEST,{ },{ok},2.7
31-Jul-25 6:00:01 AM WEST,{ },{ok},2.7
31-Jul-25 6:15:01 AM WEST,{ },{ok},2.6
31-Jul-25 6:30:01 AM WEST,{ },{ok},2.6
31-Jul-25 6:45:02 AM WEST,{ },{ok},2.8
31-Jul-25 7:00:01 AM WEST,{ },{ok},0.3
31-Jul-25 7:15:01 AM WEST,{ },{ok},0.2
31-Jul-25 7:30:01 AM WEST,{ },{ok},0.2
31-Jul-25 7:45:01 AM WEST,{ },{ok},2.7
31-Jul-25 8:00:01 AM WEST,{ },{ok},0.3
31-Jul-25 8:15:01 AM WEST,{ },{ok},2.6
31-Jul-25 8:30:01 AM WEST,{ },{ok},0.3
31-Jul-25 8:45:01 AM WEST,{ },{ok},5.5
31-Jul-25 9:00:01 AM WEST,{ },{ok},0.8
31-Jul-25 9:15:01 AM WEST,{ },{ok},2.7
31-Jul-25 9:30:02 AM WEST,{ },{ok},0.8
31-Jul-25 9:45:01 AM WEST,{ },{ok},3.2
31-Jul-25 10:00:01 AM WEST,{ },{ok},0.8
31-Jul-25 10:15:01 AM WEST,{ },{ok},5.4
31-Jul-25 10:30:01 AM WEST,{ },{ok},3.2
31-Jul-25 10:45:02 AM WEST,{ },{ok},3.2
31-Jul-25 11:00:01 AM WEST,{ },{ok},3.3
31-Jul-25 11:15:02 AM WEST,{ },{ok},0.8
31-Jul-25 11:30:01 AM WEST,{ },{ok},0.8
31-Jul-25 11:45:01 AM WEST,{ },{ok},0.8
31-Jul-25 12:00:01 PM WEST,{ },{ok},3.3
31-Jul-25 12:15:02 PM WEST,{ },{ok},5.7
31-Jul-25 12:30:01 PM WEST,{ },{ok},0.8
31-Jul-25 12:45:02 PM WEST,{ },{ok},3.4
31-Jul-25 1:00:01 PM WEST,{ },{ok},3.4
31-Jul-25 1:15:01 PM WEST,{ },{ok},3.5
31-Jul-25 1:30:02 PM WEST,{ },{ok},3.4
31-Jul-25 1:45:01 PM WEST,{ },{ok},3.5
31-Jul-25 2:00:01 PM WEST,{ },{ok},3.5
31-Jul-25 2:15:01 PM WEST,{ },{ok},3.6
31-Jul-25 2:30:02 PM WEST,{ },{ok},3.6
31-Jul-25 2:45:01 PM WEST,{ },{ok},6.4
31-Jul-25 3:00:01 PM WEST,{ },{ok},3.6
31-Jul-25 3:15:02 PM WEST,{ },{ok},3.6
31-Jul-25 3:30:01 PM WEST,{ },{ok},3.6
31-Jul-25 3:45:01 PM WEST,{ },{ok},3.7
31-Jul-25 4:00:01 PM WEST,{ },{ok},6.2
31-Jul-25 4:15:01 PM WEST,{ },{ok},3.7
31-Jul-25 4:30:01 PM WEST,{ },{ok},3.6
31-Jul-25 4:45:02 PM WEST,{ },{ok},6.3
31-Jul-25 5:00:01 PM WEST,{ },{ok},6.0
31-Jul-25 5:15:01 PM WEST,{ },{ok},6.1
31-Jul-25 5:30:01 PM WEST,{ },{ok},6.1
31-Jul-25 5:45:01 PM WEST,{ },{ok},3.5
31-Jul-25 6:00:01 PM WEST,{ },{ok},3.5
31-Jul-25 6:15:01 PM WEST,{ },{ok},6.1
31-Jul-25 6:30:01 PM WEST,{ },{ok},3.5
31-Jul-25 6:45:01 PM WEST,{ },{ok},0.8
31-Jul-25 7:00:02 PM WEST,{ },{ok},6.1
31-Jul-25 7:15:01 PM WEST,{ },{ok},3.6
31-Jul-25 7:30:01 PM WEST,{ },{ok},3.5
31-Jul-25 7:45:01 PM WEST,{ },{ok},3.5
31-Jul-25 8:00:01 PM WEST,{ },{ok},3.5
31-Jul-25 8:15:01 PM WEST,{ },{ok},6.4
31-Jul-25 8:30:01 PM WEST,{ },{ok},6.1
31-Jul-25 8:45:01 PM WEST,{ },{ok},4.9
31-Jul-25 9:00:01 PM WEST,{ },{ok},6.0
31-Jul-25 9:15:02 PM WEST,{ },{ok},3.4
31-Jul-25 9:30:01 PM WEST,{ },{ok},3.4
31-Jul-25 9:45:01 PM WEST,{ },{ok},3.4
31-Jul-25 10:00:02 PM WEST,{ },{ok},3.4
31-Jul-25 10:15:01 PM WEST,{ },{ok},3.5
31-Jul-25 10:30:01 PM WEST,{ },{ok},3.4
31-Jul-25 10:45:02 PM WEST,{ },{ok},5.8
31-Jul-25 11:00:01 PM WEST,{ },{ok},0.9
31-Jul-25 11:15:01 PM WEST,{ },{ok},3.4
31-Jul-25 11:30:01 PM WEST,{ },{ok},6.1
31-Jul-25 11:45:01 PM WEST,{ },{ok},3.3
01-Aug-25 12:00:01 AM WEST,{ },{ok},3.3
01-Aug-25 12:15:01 AM WEST,{ },{ok},0.9
01-Aug-25 12:30:02 AM WEST,{ },{ok},3.3
01-Aug-25 12:45:01 AM WEST,{ },{ok},5.7
01-Aug-25 1:00:04 AM WEST,{ },{ok},0.8
01-Aug-25 1:15:01 AM WEST,{ },{ok},3.3
01-Aug-25 1:30:03 AM WEST,{ },{ok},2.8
01-Aug-25 1:45:02 AM WEST,{ },{ok},2.7
01-Aug-25 2:00:01 AM WEST,{ },{ok},2.8
01-Aug-25 2:15:01 AM WEST,{ },{ok},2.7
01-Aug-25 2:30:01 AM WEST,{ },{ok},5.0
01-Aug-25 2:45:01 AM WEST,{ },{ok},2.7
01-Aug-25 3:00:02 AM WEST,{ },{ok},5.0
01-Aug-25 3:15:01 AM WEST,{ },{ok},0.3
01-Aug-25 3:30:01 AM WEST,{ },{ok},2.7
01-Aug-25 3:45:01 AM WEST,{ },{ok},0.2
01-Aug-25 4:00:02 AM WEST,{ },{ok},2.7
01-Aug-25 4:15:01 AM WEST,{ },{ok},0.2
01-Aug-25 4:30:02 AM WEST,{ },{ok},3.3
01-Aug-25 4:45:01 AM WEST,{ },{ok},0.2
01-Aug-25 5:00:01 AM WEST,{ },{ok},0.3
01-Aug-25 5:15:01 AM WEST,{ },{ok},2.7
01-Aug-25 5:30:01 AM WEST,{ },{ok},2.7
01-Aug-25 5:45:01 AM WEST,{ },{ok},0.9
01-Aug-25 6:00:02 AM WEST,{ },{ok},0.3
01-Aug-25 6:15:01 AM WEST,{ },{ok},0.3
01-Aug-25 6:30:01 AM WEST,{ },{ok},2.7
01-Aug-25 6:45:01 AM WEST,{ },{ok},3.3
01-Aug-25 7:00:02 AM WEST,{ },{ok},2.7
01-Aug-25 7:15:02 AM WEST,{ },{ok},3.2
01-Aug-25 7:30:03 AM WEST,{ },{ok},3.2
01-Aug-25 7:45:01 AM WEST,{ },{ok},0.2
01-Aug-25 8:00:01 AM WEST,{ },{ok},0.3
01-Aug-25 8:15:01 AM WEST,{ },{ok},2.6
01-Aug-25 8:30:02 AM WEST,{ },{ok},0.3
01-Aug-25 8:45:02 AM WEST,{ },{ok},2.5
01-Aug-25 9:00:02 AM WEST,{ },{ok},2.5
01-Aug-25 9:15:03 AM WEST,{ },{ok},3.1
01-Aug-25 9:30:01 AM WEST,{ },{ok},3.1
01-Aug-25 9:45:03 AM WEST,{ },{ok},3.1
01-Aug-25 10:00:02 AM WEST,{ },{ok},5.4
01-Aug-25 10:15:01 AM WEST,{ },{ok},3.1
01-Aug-25 10:30:02 AM WEST,{ },{ok},5.2
01-Aug-25 10:45:03 AM WEST,{ },{ok},3.2
01-Aug-25 11:00:01 AM WEST,{ },{ok},5.4
01-Aug-25 11:15:01 AM WEST,{ },{ok},5.4
01-Aug-25 11:30:01 AM WEST,{ },{ok},5.4
01-Aug-25 11:45:02 AM WEST,{ },{ok},5.5
01-Aug-25 12:00:03 PM WEST,{ },{ok},3.5
01-Aug-25 12:15:03 PM WEST,{ },{ok},1.3
01-Aug-25 12:30:03 PM WEST,{ },{ok},3.3
01-Aug-25 12:45:01 PM WEST,{ },{ok},6.0
01-Aug-25 1:00:02 PM WEST,{ },{ok},3.6
01-Aug-25 1:15:02 PM WEST,{ },{ok},0.9
01-Aug-25 1:30:01 PM WEST,{ },{ok},3.7
01-Aug-25 1:45:01 PM WEST,{ },{ok},0.9
01-Aug-25 2:00:01 PM WEST,{ },{ok},3.8
01-Aug-25 2:15:01 PM WEST,{ },{ok},3.8
01-Aug-25 2:30:01 PM WEST,{ },{ok},3.7
01-Aug-25 2:45:01 PM WEST,{ },{ok},3.7
01-Aug-25 3:00:02 PM WEST,{ },{ok},3.8
01-Aug-25 3:15:01 PM WEST,{ },{ok},3.7
01-Aug-25 3:30:01 PM WEST,{ },{ok},3.7
01-Aug-25 3:45:01 PM WEST,{ },{ok},3.7
01-Aug-25 4:00:01 PM WEST,{ },{ok},3.7
01-Aug-25 4:15:01 PM WEST,{ },{ok},3.7
01-Aug-25 4:30:02 PM WEST,{ },{ok},6.7
01-Aug-25 4:45:01 PM WEST,{ },{ok},3.7
01-Aug-25 5:00:01 PM WEST,{ },{ok},3.6
01-Aug-25 5:15:01 PM WEST,{ },{ok},3.6
01-Aug-25 5:30:01 PM WEST,{ },{ok},3.6
01-Aug-25 5:45:01 PM WEST,{ },{ok},3.5
01-Aug-25 6:00:01 PM WEST,{ },{ok},6.2
01-Aug-25 6:15:01 PM WEST,{ },{ok},3.5
01-Aug-25 6:30:01 PM WEST,{ },{ok},0.8
01-Aug-25 6:45:01 PM WEST,{ },{ok},3.5
01-Aug-25 7:00:01 PM WEST,{ },{ok},6.2
01-Aug-25 7:15:01 PM WEST,{ },{ok},0.9
01-Aug-25 7:30:01 PM WEST,{ },{ok},6.1
01-Aug-25 7:45:01 PM WEST,{ },{ok},0.9
01-Aug-25 8:00:02 PM WEST,{ },{ok},3.6
01-Aug-25 8:15:02 PM WEST,{ },{ok},3.5
01-Aug-25 8:30:01 PM WEST,{ },{ok},3.5
01-Aug-25 8:45:02 PM WEST,{ },{ok},3.4
01-Aug-25 9:00:01 PM WEST,{ },{ok},0.8
01-Aug-25 9:15:02 PM WEST,{ },{ok},3.3
01-Aug-25 9:30:01 PM WEST,{ },{ok},3.3
01-Aug-25 9:45:01 PM WEST,{ },{ok},3.3
01-Aug-25 10:00:01 PM WEST,{ },{ok},5.7
01-Aug-25 10:15:01 PM WEST,{ },{ok},3.5
01-Aug-25 10:30:01 PM WEST,{ },{ok},0.8
01-Aug-25 10:45:01 PM WEST,{ },{ok},3.3
01-Aug-25 11:00:01 PM WEST,{ },{ok},3.3
01-Aug-25 11:15:01 PM WEST,{ },{ok},3.3
01-Aug-25 11:30:01 PM WEST,{ },{ok},5.8
01-Aug-25 11:45:01 PM WEST,{ },{ok},3.3
02-Aug-25 12:00:01 AM WEST,{ },{ok},3.2
02-Aug-25 12:15:01 AM WEST,{ },{ok},0.8
02-Aug-25 12:30:01 AM WEST,{ },{ok},3.2
02-Aug-25 12:45:01 AM WEST,{ },{ok},5.5
02-Aug-25 1:00:02 AM WEST,{ },{ok},0.8
02-Aug-25 1:15:01 AM WEST,{ },{ok},3.3
02-Aug-25 1:30:01 AM WEST,{ },{ok},5.9
02-Aug-25 1:45:01 AM WEST,{ },{ok},2.8
02-Aug-25 2:00:01 AM WEST,{ },{ok},2.8
02-Aug-25 2:15:01 AM WEST,{ },{ok},2.7
02-Aug-25 2:30:01 AM WEST,{ },{ok},2.7
02-Aug-25 2:45:01 AM WEST,{ },{ok},2.7
02-Aug-25 3:00:01 AM WEST,{ },{ok},5.3
02-Aug-25 3:15:01 AM WEST,{ },{ok},2.6
02-Aug-25 3:30:01 AM WEST,{ },{ok},5.0
02-Aug-25 3:45:02 AM WEST,{ },{ok},3.3
02-Aug-25 4:00:01 AM WEST,{ },{ok},5.1
02-Aug-25 4:15:01 AM WEST,{ },{ok},2.7
02-Aug-25 4:30:02 AM WEST,{ },{ok},5.2
02-Aug-25 4:45:01 AM WEST,{ },{ok},2.7
02-Aug-25 5:00:01 AM WEST,{ },{ok},0.3
02-Aug-25 5:15:01 AM WEST,{ },{ok},3.3
02-Aug-25 5:30:01 AM WEST,{ },{ok},2.8
02-Aug-25 5:45:01 AM WEST,{ },{ok},2.7
02-Aug-25 6:00:01 AM WEST,{ },{ok},5.6
02-Aug-25 6:15:01 AM WEST,{ },{ok},0.2
02-Aug-25 6:30:01 AM WEST,{ },{ok},3.2
02-Aug-25 6:45:01 AM WEST,{ },{ok},4.9
02-Aug-25 7:00:01 AM WEST,{ },{ok},2.6
02-Aug-25 7:15:01 AM WEST,{ },{ok},3.2
02-Aug-25 7:30:01 AM WEST,{ },{ok},4.9
02-Aug-25 7:45:01 AM WEST,{ },{ok},0.8
02-Aug-25 8:00:01 AM WEST,{ },{ok},0.3
02-Aug-25 8:15:01 AM WEST,{ },{ok},5.6
02-Aug-25 8:30:01 AM WEST,{ },{ok},2.6
02-Aug-25 8:45:01 AM WEST,{ },{ok},2.6
02-Aug-25 9:00:01 AM WEST,{ },{ok},2.7
02-Aug-25 9:15:02 AM WEST,{ },{ok},2.5
02-Aug-25 9:30:01 AM WEST,{ },{ok},2.6
02-Aug-25 9:45:01 AM WEST,{ },{ok},0.3
02-Aug-25 10:00:01 AM WEST,{ },{ok},2.5
02-Aug-25 10:15:01 AM WEST,{ },{ok},0.3
02-Aug-25 10:30:01 AM WEST,{ },{ok},3.1
02-Aug-25 10:45:01 AM WEST,{ },{ok},3.2
02-Aug-25 11:00:01 AM WEST,{ },{ok},5.4
02-Aug-25 11:15:02 AM WEST,{ },{ok},3.1
02-Aug-25 11:30:01 AM WEST,{ },{ok},3.1
02-Aug-25 11:45:01 AM WEST,{ },{ok},0.8
02-Aug-25 12:00:01 PM WEST,{ },{ok},0.8
02-Aug-25 12:15:01 PM WEST,{ },{ok},5.5
02-Aug-25 12:30:01 PM WEST,{ },{ok},3.2
02-Aug-25 12:45:01 PM WEST,{ },{ok},0.8
02-Aug-25 1:00:01 PM WEST,{ },{ok},0.8
02-Aug-25 1:15:01 PM WEST,{ },{ok},3.3
02-Aug-25 1:30:01 PM WEST,{ },{ok},5.7
02-Aug-25 1:45:01 PM WEST,{ },{ok},0.8
02-Aug-25 2:00:01 PM WEST,{ },{ok},3.4
02-Aug-25 2:15:01 PM WEST,{ },{ok},3.3
02-Aug-25 2:30:01 PM WEST,{ },{ok},3.4
02-Aug-25 2:45:01 PM WEST,{ },{ok},3.4
02-Aug-25 3:00:01 PM WEST,{ },{ok},3.4
02-Aug-25 3:15:01 PM WEST,{ },{ok},3.5
02-Aug-25 3:30:01 PM WEST,{ },{ok},3.4
02-Aug-25 3:45:01 PM WEST,{ },{ok},3.5
02-Aug-25 4:00:01 PM WEST,{ },{ok},3.5
02-Aug-25 4:15:01 PM WEST,{ },{ok},3.6
02-Aug-25 4:30:01 PM WEST,{ },{ok},6.1
02-Aug-25 4:45:01 PM WEST,{ },{ok},3.6
02-Aug-25 5:00:01 PM WEST,{ },{ok},3.4
02-Aug-25 5:15:01 PM WEST,{ },{ok},0.8
02-Aug-25 5:30:01 PM WEST,{ },{ok},3.5
02-Aug-25 5:45:01 PM WEST,{ },{ok},0.8
02-Aug-25 6:00:01 PM WEST,{ },{ok},0.8
02-Aug-25 6:15:02 PM WEST,{ },{ok},3.4
02-Aug-25 6:30:01 PM WEST,{ },{ok},5.9
02-Aug-25 6:45:02 PM WEST,{ },{ok},3.3
02-Aug-25 7:00:01 PM WEST,{ },{ok},6.1
02-Aug-25 7:15:02 PM WEST,{ },{ok},3.3
02-Aug-25 7:30:02 PM WEST,{ },{ok},5.8
02-Aug-25 7:45:02 PM WEST,{ },{ok},0.8
02-Aug-25 8:00:01 PM WEST,{ },{ok},3.4
02-Aug-25 8:15:01 PM WEST,{ },{ok},3.4
02-Aug-25 8:30:01 PM WEST,{ },{ok},3.4
02-Aug-25 8:45:01 PM WEST,{ },{ok},3.3
02-Aug-25 9:00:01 PM WEST,{ },{ok},3.3
02-Aug-25 9:15:02 PM WEST,{ },{ok},0.8
02-Aug-25 9:30:01 PM WEST,{ },{ok},3.4
02-Aug-25 9:45:01 PM WEST,{ },{ok},5.8
02-Aug-25 10:00:01 PM WEST,{ },{ok},0.8
02-Aug-25 10:15:01 PM WEST,{ },{ok},3.5
02-Aug-25 10:30:02 PM WEST,{ },{ok},3.4
02-Aug-25 10:45:01 PM WEST,{ },{ok},3.5
02-Aug-25 11:00:01 PM WEST,{ },{ok},0.9
02-Aug-25 11:15:01 PM WEST,{ },{ok},3.3
02-Aug-25 11:30:01 PM WEST,{ },{ok},5.8
02-Aug-25 11:45:01 PM WEST,{ },{ok},0.9
03-Aug-25 12:00:01 AM WEST,{ },{ok},3.3
03-Aug-25 12:15:01 AM WEST,{ },{ok},0.9
03-Aug-25 12:30:02 AM WEST,{ },{ok},3.3
03-Aug-25 12:45:02 AM WEST,{ },{ok},3.3
03-Aug-25 1:00:02 AM WEST,{ },{ok},0.9
03-Aug-25 1:15:02 AM WEST,{ },{ok},3.5
03-Aug-25 1:30:02 AM WEST,{ },{ok},5.4
03-Aug-25 1:45:02 AM WEST,{ },{ok},0.3
03-Aug-25 2:00:01 AM WEST,{ },{ok},2.8
03-Aug-25 2:15:01 AM WEST,{ },{ok},2.9
03-Aug-25 2:30:01 AM WEST,{ },{ok},0.3
03-Aug-25 2:45:01 AM WEST,{ },{ok},2.8
03-Aug-25 3:00:01 AM WEST,{ },{ok},0.2
03-Aug-25 3:15:01 AM WEST,{ },{ok},2.8
03-Aug-25 3:30:01 AM WEST,{ },{ok},0.3
03-Aug-25 3:45:01 AM WEST,{ },{ok},2.7
03-Aug-25 4:00:01 AM WEST,{ },{ok},0.3
03-Aug-25 4:15:01 AM WEST,{ },{ok},2.8
03-Aug-25 4:30:01 AM WEST,{ },{ok},0.2
03-Aug-25 4:45:01 AM WEST,{ },{ok},5.0
03-Aug-25 5:00:02 AM WEST,{ },{ok},2.5
03-Aug-25 5:15:01 AM WEST,{ },{ok},0.2
03-Aug-25 5:30:01 AM WEST,{ },{ok},4.8
03-Aug-25 5:45:01 AM WEST,{ },{ok},2.5
03-Aug-25 6:00:01 AM WEST,{ },{ok},2.6
03-Aug-25 6:15:01 AM WEST,{ },{ok},2.5
03-Aug-25 6:30:01 AM WEST,{ },{ok},0.2
03-Aug-25 6:45:01 AM WEST,{ },{ok},0.2
03-Aug-25 7:00:01 AM WEST,{ },{ok},2.7
03-Aug-25 7:15:01 AM WEST,{ },{ok},2.6
03-Aug-25 7:30:02 AM WEST,{ },{ok},2.7
03-Aug-25 7:45:01 AM WEST,{ },{ok},2.7
03-Aug-25 8:00:01 AM WEST,{ },{ok},0.3
03-Aug-25 8:15:01 AM WEST,{ },{ok},2.7
03-Aug-25 8:30:01 AM WEST,{ },{ok},0.3
03-Aug-25 8:45:01 AM WEST,{ },{ok},5.2
03-Aug-25 9:00:01 AM WEST,{ },{ok},2.7
03-Aug-25 9:15:01 AM WEST,{ },{ok},5.1
03-Aug-25 9:30:01 AM WEST,{ },{ok},2.7
03-Aug-25 9:45:01 AM WEST,{ },{ok},0.2
03-Aug-25 10:00:01 AM WEST,{ },{ok},2.7
03-Aug-25 10:15:01 AM WEST,{ },{ok},0.2
03-Aug-25 10:30:01 AM WEST,{ },{ok},3.3
03-Aug-25 10:45:01 AM WEST,{ },{ok},0.8
03-Aug-25 11:00:01 AM WEST,{ },{ok},3.2
03-Aug-25 11:15:02 AM WEST,{ },{ok},5.6
03-Aug-25 11:30:01 AM WEST,{ },{ok},5.8
03-Aug-25 11:45:01 AM WEST,{ },{ok},3.3
03-Aug-25 12:00:01 PM WEST,{ },{ok},3.2
03-Aug-25 12:15:01 PM WEST,{ },{ok},0.8
03-Aug-25 12:30:01 PM WEST,{ },{ok},0.9
03-Aug-25 12:45:01 PM WEST,{ },{ok},0.9
03-Aug-25 1:00:01 PM WEST,{ },{ok},0.8
03-Aug-25 1:15:01 PM WEST,{ },{ok},0.8
03-Aug-25 1:30:01 PM WEST,{ },{ok},3.4
03-Aug-25 1:45:01 PM WEST,{ },{ok},6.0
03-Aug-25 2:00:02 PM WEST,{ },{ok},3.6
03-Aug-25 2:15:02 PM WEST,{ },{ok},3.6
03-Aug-25 2:30:01 PM WEST,{ },{ok},6.3
03-Aug-25 2:45:01 PM WEST,{ },{ok},3.5
03-Aug-25 3:00:01 PM WEST,{ },{ok},6.0
03-Aug-25 3:15:01 PM WEST,{ },{ok},3.6
03-Aug-25 3:30:01 PM WEST,{ },{ok},6.4
03-Aug-25 3:45:01 PM WEST,{ },{ok},3.6
03-Aug-25 4:00:01 PM WEST,{ },{ok},3.6
03-Aug-25 4:15:02 PM WEST,{ },{ok},3.6
03-Aug-25 4:30:01 PM WEST,{ },{ok},3.6
03-Aug-25 4:45:01 PM WEST,{ },{ok},3.5
03-Aug-25 5:00:01 PM WEST,{ },{ok},3.5
03-Aug-25 5:15:01 PM WEST,{ },{ok},6.0
03-Aug-25 5:30:01 PM WEST,{ },{ok},3.4
03-Aug-25 5:45:02 PM WEST,{ },{ok},3.4
03-Aug-25 6:00:02 PM WEST,{ },{ok},5.9
03-Aug-25 6:15:01 PM WEST,{ },{ok},3.4
03-Aug-25 6:30:01 PM WEST,{ },{ok},5.8
03-Aug-25 6:45:01 PM WEST,{ },{ok},0.8
03-Aug-25 7:00:01 PM WEST,{ },{ok},3.3
03-Aug-25 7:15:01 PM WEST,{ },{ok},3.4
03-Aug-25 7:30:01 PM WEST,{ },{ok},3.2
03-Aug-25 7:45:01 PM WEST,{ },{ok},5.6
03-Aug-25 8:00:01 PM WEST,{ },{ok},3.4
03-Aug-25 8:15:01 PM WEST,{ },{ok},3.3
03-Aug-25 8:30:01 PM WEST,{ },{ok},3.4
03-Aug-25 8:45:01 PM WEST,{ },{ok},0.8
03-Aug-25 9:00:01 PM WEST,{ },{ok},3.2
03-Aug-25 9:15:01 PM WEST,{ },{ok},5.5
03-Aug-25 9:30:01 PM WEST,{ },{ok},3.2
03-Aug-25 9:45:01 PM WEST,{ },{ok},3.2
03-Aug-25 10:00:02 PM WEST,{ },{ok},3.2
03-Aug-25 10:15:01 PM WEST,{ },{ok},5.5
03-Aug-25 10:30:01 PM WEST,{ },{ok},3.2
03-Aug-25 10:45:01 PM WEST,{ },{ok},5.5
03-Aug-25 11:00:01 PM WEST,{ },{ok},0.8
03-Aug-25 11:15:01 PM WEST,{ },{ok},3.1
03-Aug-25 11:30:01 PM WEST,{ },{ok},5.4
03-Aug-25 11:45:01 PM WEST,{ },{ok},3.1
04-Aug-25 12:00:01 AM WEST,{ },{ok},0.8
04-Aug-25 12:15:01 AM WEST,{ },{ok},3.2
04-Aug-25 12:30:01 AM WEST,{ },{ok},5.5
04-Aug-25 12:45:01 AM WEST,{ },{ok},0.8
04-Aug-25 1:00:01 AM WEST,{ },{ok},2.6
04-Aug-25 1:15:01 AM WEST,{ },{ok},2.6
04-Aug-25 1:30:01 AM WEST,{ },{ok},0.2
04-Aug-25 1:45:01 AM WEST,{ },{ok},5.0
04-Aug-25 2:00:02 AM WEST,{ },{ok},2.7
04-Aug-25 2:15:02 AM WEST,{ },{ok},2.7
04-Aug-25 2:30:01 AM WEST,{ },{ok},2.9
04-Aug-25 2:45:01 AM WEST,{ },{ok},2.7
04-Aug-25 3:00:01 AM WEST,{ },{ok},2.7
04-Aug-25 3:15:01 AM WEST,{ },{ok},2.7
04-Aug-25 3:30:01 AM WEST,{ },{ok},3.4
04-Aug-25 3:45:01 AM WEST,{ },{ok},2.7
04-Aug-25 4:00:01 AM WEST,{ },{ok},5.1
04-Aug-25 4:15:01 AM WEST,{ },{ok},0.2
04-Aug-25 4:30:01 AM WEST,{ },{ok},3.3
04-Aug-25 4:45:01 AM WEST,{ },{ok},0.2
04-Aug-25 5:00:01 AM WEST,{ },{ok},2.6
04-Aug-25 5:15:02 AM WEST,{ },{ok},2.6
04-Aug-25 5:30:02 AM WEST,{ },{ok},2.6
04-Aug-25 5:45:01 AM WEST,{ },{ok},2.6
04-Aug-25 6:00:01 AM WEST,{ },{ok},2.6
04-Aug-25 6:15:02 AM WEST,{ },{ok},2.6
04-Aug-25 6:30:01 AM WEST,{ },{ok},2.6
04-Aug-25 6:45:02 AM WEST,{ },{ok},2.5
04-Aug-25 7:00:01 AM WEST,{ },{ok},2.7
04-Aug-25 7:15:01 AM WEST,{ },{ok},0.3
04-Aug-25 7:30:01 AM WEST,{ },{ok},0.2
04-Aug-25 7:45:01 AM WEST,{ },{ok},2.6
04-Aug-25 8:00:01 AM WEST,{ },{ok},0.3
04-Aug-25 8:15:01 AM WEST,{ },{ok},2.6
04-Aug-25 8:30:01 AM WEST,{ },{ok},0.2
04-Aug-25 8:45:01 AM WEST,{ },{ok},2.5
04-Aug-25 9:00:00 AM WEST,{ },{ok},0.2
04-Aug-25 9:15:00 AM WEST,{ },{ok},2.6
04-Aug-25 9:30:02 AM WEST,{ },{ok},0.2
04-Aug-25 9:45:00 AM WEST,{ },{ok},3.2
04-Aug-25 10:00:00 AM WEST,{ },{ok},0.8
04-Aug-25 10:15:01 AM WEST,{ },{ok},3.1
04-Aug-25 10:30:00 AM WEST,{ },{ok},0.8
04-Aug-25 10:45:02 AM WEST,{ },{ok},3.3
04-Aug-25 11:00:01 AM WEST,{ },{ok},3.2
04-Aug-25 11:15:00 AM WEST,{ },{ok},5.6
04-Aug-25 11:30:01 AM WEST,{ },{ok},3.3
04-Aug-25 11:45:01 AM WEST,{ },{ok},3.4
04-Aug-25 12:00:01 PM WEST,{ },{ok},0.8
04-Aug-25 12:15:01 PM WEST,{ },{ok},0.8
04-Aug-25 12:30:01 PM WEST,{ },{ok},0.8
04-Aug-25 12:45:00 PM WEST,{ },{ok},3.3
04-Aug-25 1:00:01 PM WEST,{ },{ok},5.7
04-Aug-25 1:15:01 PM WEST,{ },{ok},0.8
04-Aug-25 1:30:02 PM WEST,{ },{ok},3.4
04-Aug-25 1:45:01 PM WEST,{ },{ok},5.8
04-Aug-25 2:00:01 PM WEST,{ },{ok},3.5
04-Aug-25 2:15:02 PM WEST,{ },{ok},3.6
04-Aug-25 2:30:01 PM WEST,{ },{ok},3.5
04-Aug-25 2:45:01 PM WEST,{ },{ok},3.5
04-Aug-25 3:00:00 PM WEST,{ },{ok},3.6
04-Aug-25 3:15:01 PM WEST,{ },{ok},3.7
04-Aug-25 3:30:01 PM WEST,{ },{ok},3.0
04-Aug-25 3:45:01 PM WEST,{ },{ok},3.0
04-Aug-25 4:00:01 PM WEST,{ },{ok},3.0
04-Aug-25 4:15:01 PM WEST,{ },{ok},3.0
04-Aug-25 4:30:01 PM WEST,{ },{ok},3.0
04-Aug-25 4:45:01 PM WEST,{ },{ok},3.0
04-Aug-25 5:00:01 PM WEST,{ },{ok},5.6
04-Aug-25 5:15:01 PM WEST,{ },{ok},5.8
04-Aug-25 5:30:02 PM WEST,{ },{ok},5.7
04-Aug-25 5:45:01 PM WEST,{ },{ok},5.6
04-Aug-25 6:00:01 PM WEST,{ },{ok},2.9
04-Aug-25 6:15:01 PM WEST,{ },{ok},2.9
04-Aug-25 6:30:02 PM WEST,{ },{ok},2.9
04-Aug-25 6:45:01 PM WEST,{ },{ok},5.5
04-Aug-25 7:00:01 PM WEST,{ },{ok},5.5
04-Aug-25 7:15:01 PM WEST,{ },{ok},3.5
04-Aug-25 7:30:01 PM WEST,{ },{ok},6.0
04-Aug-25 7:45:01 PM WEST,{ },{ok},0.9
04-Aug-25 8:00:02 PM WEST,{ },{ok},3.5
04-Aug-25 8:15:01 PM WEST,{ },{ok},3.4
04-Aug-25 8:30:01 PM WEST,{ },{ok},3.4
04-Aug-25 8:45:01 PM WEST,{ },{ok},3.4
04-Aug-25 9:00:01 PM WEST,{ },{ok},3.3
04-Aug-25 9:15:01 PM WEST,{ },{ok},3.3
04-Aug-25 9:30:01 PM WEST,{ },{ok},4.6
04-Aug-25 9:45:02 PM WEST,{ },{ok},3.3
04-Aug-25 10:00:01 PM WEST,{ },{ok},0.8
04-Aug-25 10:15:01 PM WEST,{ },{ok},3.4
04-Aug-25 10:30:01 PM WEST,{ },{ok},3.4
04-Aug-25 10:45:01 PM WEST,{ },{ok},5.8
04-Aug-25 11:00:01 PM WEST,{ },{ok},3.4
04-Aug-25 11:15:01 PM WEST,{ },{ok},3.4
04-Aug-25 11:30:01 PM WEST,{ },{ok},5.8
04-Aug-25 11:45:01 PM WEST,{ },{ok},3.4
05-Aug-25 12:00:01 AM WEST,{ },{ok},3.3
05-Aug-25 12:15:01 AM WEST,{ },{ok},0.8
05-Aug-25 12:30:01 AM WEST,{ },{ok},3.3
05-Aug-25 12:45:01 AM WEST,{ },{ok},5.7
05-Aug-25 1:00:02 AM WEST,{ },{ok},0.9
05-Aug-25 1:15:03 AM WEST,{ },{ok},3.3
05-Aug-25 1:30:03 AM WEST,{ },{ok},3.5
05-Aug-25 1:45:01 AM WEST,{ },{ok},3.4
05-Aug-25 2:00:02 AM WEST,{ },{ok},3.6
05-Aug-25 2:15:01 AM WEST,{ },{ok},5.5
05-Aug-25 2:30:01 AM WEST,{ },{ok},3.0
05-Aug-25 2:45:01 AM WEST,{ },{ok},5.5
05-Aug-25 3:00:01 AM WEST,{ },{ok},3.0
05-Aug-25 3:15:01 AM WEST,{ },{ok},5.5
05-Aug-25 3:30:01 AM WEST,{ },{ok},3.0
05-Aug-25 3:45:01 AM WEST,{ },{ok},5.5
05-Aug-25 4:00:01 AM WEST,{ },{ok},3.0
05-Aug-25 4:15:01 AM WEST,{ },{ok},5.5
05-Aug-25 4:30:01 AM WEST,{ },{ok},3.0
05-Aug-25 4:45:01 AM WEST,{ },{ok},5.4
05-Aug-25 5:00:01 AM WEST,{ },{ok},0.3
05-Aug-25 5:15:01 AM WEST,{ },{ok},0.3
05-Aug-25 5:30:01 AM WEST,{ },{ok},2.8
05-Aug-25 5:45:01 AM WEST,{ },{ok},0.3
05-Aug-25 6:00:01 AM WEST,{ },{ok},0.3
05-Aug-25 6:15:01 AM WEST,{ },{ok},2.8
05-Aug-25 6:30:01 AM WEST,{ },{ok},5.2
05-Aug-25 6:45:01 AM WEST,{ },{ok},2.8
05-Aug-25 7:00:01 AM WEST,{ },{ok},0.3
05-Aug-25 7:15:01 AM WEST,{ },{ok},2.8
05-Aug-25 7:30:01 AM WEST,{ },{ok},2.8
05-Aug-25 7:45:01 AM WEST,{ },{ok},0.3
05-Aug-25 8:00:01 AM WEST,{ },{ok},0.3
05-Aug-25 8:15:01 AM WEST,{ },{ok},2.6
05-Aug-25 8:30:01 AM WEST,{ },{ok},0.2
05-Aug-25 8:45:01 AM WEST,{ },{ok},5.0
05-Aug-25 9:00:00 AM WEST,{ },{ok},2.7
05-Aug-25 9:15:01 AM WEST,{ },{ok},5.0
05-Aug-25 9:30:01 AM WEST,{ },{ok},3.3
05-Aug-25 9:45:01 AM WEST,{ },{ok},5.7
05-Aug-25 10:00:02 AM WEST,{ },{ok},3.2
05-Aug-25 10:15:01 AM WEST,{ },{ok},3.2
05-Aug-25 10:30:01 AM WEST,{ },{ok},3.3
05-Aug-25 10:45:01 AM WEST,{ },{ok},3.3
05-Aug-25 11:00:02 AM WEST,{ },{ok},3.2
05-Aug-25 11:15:01 AM WEST,{ },{ok},3.3
05-Aug-25 11:30:00 AM WEST,{ },{ok},5.7
05-Aug-25 11:45:01 AM WEST,{ },{ok},3.3
05-Aug-25 12:00:01 PM WEST,{ },{ok},3.3
05-Aug-25 12:15:01 PM WEST,{ },{ok},0.8
05-Aug-25 12:30:01 PM WEST,{ },{ok},3.6
05-Aug-25 12:45:01 PM WEST,{ },{ok},3.6
05-Aug-25 1:00:01 PM WEST,{ },{ok},6.6
05-Aug-25 1:15:01 PM WEST,{ },{ok},3.7
05-Aug-25 1:30:01 PM WEST,{ },{ok},6.8
05-Aug-25 1:45:01 PM WEST,{ },{ok},6.7
05-Aug-25 2:00:01 PM WEST,{ },{ok},3.9
05-Aug-25 2:15:01 PM WEST,{ },{ok},4.0
05-Aug-25 2:30:01 PM WEST,{ },{ok},3.9
05-Aug-25 2:45:01 PM WEST,{ },{ok},6.8
05-Aug-25 3:00:01 PM WEST,{ },{ok},6.8
05-Aug-25 3:15:01 PM WEST,{ },{ok},3.9
05-Aug-25 3:30:01 PM WEST,{ },{ok},6.8
05-Aug-25 3:45:01 PM WEST,{ },{ok},4.1
05-Aug-25 4:00:01 PM WEST,{ },{ok},4.0
05-Aug-25 4:15:00 PM WEST,{ },{ok},7.0
05-Aug-25 4:30:00 PM WEST,{ },{ok},7.1
05-Aug-25 4:45:01 PM WEST,{ },{ok},4.2
05-Aug-25 5:00:01 PM WEST,{ },{ok},7.0
05-Aug-25 5:15:01 PM WEST,{ },{ok},6.9
05-Aug-25 5:30:02 PM WEST,{ },{ok},0.9
05-Aug-25 5:45:01 PM WEST,{ },{ok},3.8
05-Aug-25 6:00:01 PM WEST,{ },{ok},6.6
05-Aug-25 6:15:01 PM WEST,{ },{ok},3.8
05-Aug-25 6:30:01 PM WEST,{ },{ok},3.8
05-Aug-25 6:45:01 PM WEST,{ },{ok},3.9
05-Aug-25 7:00:01 PM WEST,{ },{ok},3.8
05-Aug-25 7:15:01 PM WEST,{ },{ok},3.8
05-Aug-25 7:30:01 PM WEST,{ },{ok},6.7
05-Aug-25 7:45:02 PM WEST,{ },{ok},6.6
05-Aug-25 8:00:01 PM WEST,{ },{ok},6.9
05-Aug-25 8:15:01 PM WEST,{ },{ok},3.9
05-Aug-25 8:30:01 PM WEST,{ },{ok},3.9
05-Aug-25 8:45:02 PM WEST,{ },{ok},6.5
05-Aug-25 9:00:01 PM WEST,{ },{ok},3.8
05-Aug-25 9:15:01 PM WEST,{ },{ok},6.5
05-Aug-25 9:30:02 PM WEST,{ },{ok},3.8
05-Aug-25 9:45:01 PM WEST,{ },{ok},3.8
05-Aug-25 10:00:01 PM WEST,{ },{ok},3.7
05-Aug-25 10:15:01 PM WEST,{ },{ok},3.7
05-Aug-25 10:30:01 PM WEST,{ },{ok},6.3
05-Aug-25 10:45:01 PM WEST,{ },{ok},3.6
05-Aug-25 11:00:01 PM WEST,{ },{ok},0.9
05-Aug-25 11:15:02 PM WEST,{ },{ok},3.5
05-Aug-25 11:30:02 PM WEST,{ },{ok},5.9
05-Aug-25 11:45:01 PM WEST,{ },{ok},3.5
06-Aug-25 12:00:02 AM WEST,{ },{ok},6.1
06-Aug-25 12:15:01 AM WEST,{ },{ok},0.9
06-Aug-25 12:30:01 AM WEST,{ },{ok},3.5
06-Aug-25 12:45:01 AM WEST,{ },{ok},6.4
06-Aug-25 1:00:01 AM WEST,{ },{ok},3.5
06-Aug-25 1:15:01 AM WEST,{ },{ok},6.2
06-Aug-25 1:30:01 AM WEST,{ },{ok},2.4
06-Aug-25 1:45:01 AM WEST,{ },{ok},3.5
06-Aug-25 2:00:01 AM WEST,{ },{ok},6.4
06-Aug-25 2:15:01 AM WEST,{ },{ok},2.9
06-Aug-25 2:30:01 AM WEST,{ },{ok},3.6
06-Aug-25 2:45:01 AM WEST,{ },{ok},3.0
06-Aug-25 3:00:01 AM WEST,{ },{ok},3.0
06-Aug-25 3:15:01 AM WEST,{ },{ok},3.0
06-Aug-25 3:30:01 AM WEST,{ },{ok},3.6
06-Aug-25 3:45:01 AM WEST,{ },{ok},3.1
06-Aug-25 4:00:02 AM WEST,{ },{ok},0.3
06-Aug-25 4:15:02 AM WEST,{ },{ok},3.1
06-Aug-25 4:30:01 AM WEST,{ },{ok},3.8
06-Aug-25 4:45:01 AM WEST,{ },{ok},3.1
06-Aug-25 5:00:01 AM WEST,{ },{ok},0.3
06-Aug-25 5:15:01 AM WEST,{ },{ok},2.9
06-Aug-25 5:30:01 AM WEST,{ },{ok},3.0
06-Aug-25 5:45:02 AM WEST,{ },{ok},2.9
06-Aug-25 6:00:02 AM WEST,{ },{ok},5.5
06-Aug-25 6:15:01 AM WEST,{ },{ok},0.2
06-Aug-25 6:30:01 AM WEST,{ },{ok},2.9
06-Aug-25 6:45:01 AM WEST,{ },{ok},5.4
06-Aug-25 7:00:01 AM WEST,{ },{ok},0.3
06-Aug-25 7:15:01 AM WEST,{ },{ok},2.8
06-Aug-25 7:30:01 AM WEST,{ },{ok},0.3
06-Aug-25 7:45:01 AM WEST,{ },{ok},2.9
06-Aug-25 8:00:01 AM WEST,{ },{ok},2.9
06-Aug-25 8:15:01 AM WEST,{ },{ok},2.9
06-Aug-25 8:30:01 AM WEST,{ },{ok},2.8
06-Aug-25 8:45:01 AM WEST,{ },{ok},0.8
06-Aug-25 9:00:01 AM WEST,{ },{ok},0.8
06-Aug-25 9:15:00 AM WEST,{ },{ok},0.8
06-Aug-25 9:30:00 AM WEST,{ },{ok},0.8
06-Aug-25 9:45:01 AM WEST,{ },{ok},3.4
06-Aug-25 10:00:02 AM WEST,{ },{ok},6.2
06-Aug-25 10:15:01 AM WEST,{ },{ok},3.5
06-Aug-25 10:30:01 AM WEST,{ },{ok},3.6
06-Aug-25 10:45:01 AM WEST,{ },{ok},3.6
06-Aug-25 11:00:02 AM WEST,{ },{ok},3.6
06-Aug-25 11:15:01 AM WEST,{ },{ok},3.6
06-Aug-25 11:30:01 AM WEST,{ },{ok},6.2
06-Aug-25 11:45:01 AM WEST,{ },{ok},6.3
06-Aug-25 12:00:01 PM WEST,{ },{ok},3.6
06-Aug-25 12:15:01 PM WEST,{ },{ok},3.6
06-Aug-25 12:30:01 PM WEST,{ },{ok},6.5
06-Aug-25 12:45:01 PM WEST,{ },{ok},6.5
